entity,code,year,gini__welfare_type_income_or_consumption__table_income_or_consumption_consolidated__survey_comparability_no_spells
Albania,ALB,1996,0.27010342478752136
Albania,ALB,2002,0.3173897862434387
Albania,ALB,2005,0.30595654249191284
Albania,ALB,2008,0.29984670877456665
Albania,ALB,2012,0.2896048426628113
Albania,ALB,2014,0.3459889590740204
Albania,ALB,2015,0.32753732800483704
Albania,ALB,2016,0.33736297488212585
Albania,ALB,2017,0.33055663108825684
Albania,ALB,2018,0.30148282647132874
Albania,ALB,2019,0.301157683134079
Albania,ALB,2020,0.29419630765914917
Algeria,DZA,1988,0.37356993556022644
Algeria,DZA,1995,0.353300541639328
Algeria,DZA,2011,0.27615731954574585
Angola,AGO,2000,0.5194514989852905
Angola,AGO,2008,0.42715513706207275
Angola,AGO,2018,0.5126428604125977
Argentina (urban),,1980,0.40830859541893005
Argentina (urban),,1986,0.427975058555603
Argentina (urban),,1987,0.45267289876937866
Argentina (urban),,1991,0.46754273772239685
Argentina (urban),,1992,0.4545484185218811
Argentina (urban),,1993,0.44843095541000366
Argentina (urban),,1994,0.45898041129112244
Argentina (urban),,1995,0.4887809753417969
Argentina (urban),,1996,0.49490517377853394
Argentina (urban),,1997,0.490852415561676
Argentina (urban),,1998,0.507127046585083
Argentina (urban),,1999,0.4976562261581421
Argentina (urban),,2000,0.5103796124458313
Argentina (urban),,2001,0.5329303741455078
Argentina (urban),,2002,0.5375955104827881
Argentina (urban),,2003,0.5099445581436157
Argentina (urban),,2004,0.48483532667160034
Argentina (urban),,2005,0.4781028628349304
Argentina (urban),,2006,0.46444496512413025
Argentina (urban),,2007,0.46282586455345154
Argentina (urban),,2008,0.4498676359653473
Argentina (urban),,2009,0.4375893771648407
Argentina (urban),,2010,0.43676555156707764
Argentina (urban),,2011,0.42737919092178345
Argentina (urban),,2012,0.41437363624572754
Argentina (urban),,2013,0.41086459159851074
Argentina (urban),,2014,0.41822484135627747
Argentina (urban),,2016,0.4234500825405121
Argentina (urban),,2017,0.41434797644615173
Argentina (urban),,2018,0.41718968749046326
Argentina (urban),,2019,0.4331413507461548
Argentina (urban),,2020,0.42743685841560364
Argentina (urban),,2021,0.4244556128978729
Argentina (urban),,2022,0.4073646068572998
Argentina (urban),,2023,0.4239097535610199
Argentina (urban),,2024,0.423533171415329
Armenia,ARM,1999,0.36219725012779236
Armenia,ARM,2001,0.35364359617233276
Armenia,ARM,2002,0.3477967381477356
Armenia,ARM,2003,0.3302808701992035
Armenia,ARM,2004,0.37505632638931274
Armenia,ARM,2005,0.3599235415458679
Armenia,ARM,2006,0.29709985852241516
Armenia,ARM,2007,0.31226056814193726
Armenia,ARM,2008,0.29188141226768494
Armenia,ARM,2009,0.28015878796577454
Armenia,ARM,2010,0.299925833940506
Armenia,ARM,2011,0.2935294508934021
Armenia,ARM,2012,0.2960226237773895
Armenia,ARM,2013,0.30579662322998047
Armenia,ARM,2014,0.3148328959941864
Armenia,ARM,2015,0.3235677182674408
Armenia,ARM,2016,0.3254794776439667
Armenia,ARM,2017,0.33621838688850403
Armenia,ARM,2018,0.34433498978614807
Armenia,ARM,2019,0.3003121316432953
Armenia,ARM,2020,0.25131604075431824
Armenia,ARM,2021,0.2794013023376465
Armenia,ARM,2022,0.27945294976234436
Armenia,ARM,2023,0.27154651284217834
Armenia,ARM,2024,0.27444806694984436
Australia,AUS,1981,0.31324875354766846
Australia,AUS,1985,0.3249746859073639
Australia,AUS,1989,0.331531286239624
Australia,AUS,1995,0.32579341530799866
Australia,AUS,2001,0.3346266448497772
Australia,AUS,2003,0.3349778652191162
Australia,AUS,2004,0.3305647671222687
Australia,AUS,2008,0.3543021082878113
Australia,AUS,2010,0.34657979011535645
Australia,AUS,2014,0.34400472044944763
Australia,AUS,2016,0.3368617296218872
Australia,AUS,2018,0.34334737062454224
Australia,AUS,2020,0.338300496339798
Austria,AUT,1994,0.308291494846344
Austria,AUT,1995,0.29915526509284973
Austria,AUT,1996,0.29318782687187195
Austria,AUT,1997,0.29066070914268494
Austria,AUT,1998,0.31342726945877075
Austria,AUT,1999,0.296711266040802
Austria,AUT,2000,0.28965216875076294
Austria,AUT,2003,0.29465627670288086
Austria,AUT,2004,0.29788845777511597
Austria,AUT,2005,0.28715208172798157
Austria,AUT,2006,0.295875608921051
Austria,AUT,2007,0.30579450726509094
Austria,AUT,2008,0.3043709397315979
Austria,AUT,2009,0.31494906544685364
Austria,AUT,2010,0.3025166392326355
Austria,AUT,2011,0.3080105781555176
Austria,AUT,2012,0.30475616455078125
Austria,AUT,2013,0.3075290620326996
Austria,AUT,2014,0.30535373091697693
Austria,AUT,2015,0.3053083121776581
Austria,AUT,2016,0.3079513907432556
Austria,AUT,2017,0.2973693013191223
Austria,AUT,2018,0.30847421288490295
Austria,AUT,2019,0.3021051585674286
Austria,AUT,2020,0.29800698161125183
Austria,AUT,2021,0.3070168197154999
Austria,AUT,2022,0.30892929434776306
Austria,AUT,2023,0.3120467960834503
Azerbaijan,AZE,1995,0.34648823738098145
Azerbaijan,AZE,2001,0.3645493686199188
Azerbaijan,AZE,2002,0.2527766525745392
Azerbaijan,AZE,2003,0.26832878589630127
Azerbaijan,AZE,2004,0.2662159204483032
Azerbaijan,AZE,2005,0.26554906368255615
Bangladesh,BGD,1983,0.2587648928165436
Bangladesh,BGD,1985,0.2691749632358551
Bangladesh,BGD,1988,0.2884654700756073
Bangladesh,BGD,1991,0.27570804953575134
Bangladesh,BGD,1995,0.32942983508110046
Bangladesh,BGD,2000,0.334065318107605
Bangladesh,BGD,2005,0.33201292157173157
Bangladesh,BGD,2010,0.32130318880081177
Bangladesh,BGD,2016,0.3238527178764343
Bangladesh,BGD,2022,0.30930253863334656
Barbados,BRB,2016,0.3406803607940674
Belarus,BLR,1998,0.32018348574638367
Belarus,BLR,1999,0.31738147139549255
Belarus,BLR,2000,0.3116748332977295
Belarus,BLR,2001,0.3057672381401062
Belarus,BLR,2002,0.3033624291419983
Belarus,BLR,2003,0.2882101237773895
Belarus,BLR,2004,0.2647988498210907
Belarus,BLR,2005,0.27553409337997437
Belarus,BLR,2006,0.28275442123413086
Belarus,BLR,2007,0.29612380266189575
Belarus,BLR,2008,0.2782604396343231
Belarus,BLR,2009,0.2768930494785309
Belarus,BLR,2010,0.28566598892211914
Belarus,BLR,2011,0.271525502204895
Belarus,BLR,2012,0.2652619779109955
Belarus,BLR,2013,0.265750527381897
Belarus,BLR,2014,0.27176666259765625
Belarus,BLR,2015,0.25633224844932556
Belarus,BLR,2016,0.25306615233421326
Belarus,BLR,2017,0.2544457018375397
Belarus,BLR,2018,0.2524052560329437
Belarus,BLR,2019,0.25277847051620483
Belarus,BLR,2020,0.24383355677127838
Belgium,BEL,1985,0.2520346939563751
Belgium,BEL,1988,0.2571237087249756
Belgium,BEL,1992,0.2494633048772812
Belgium,BEL,1995,0.284113347530365
Belgium,BEL,1997,0.2683253288269043
Belgium,BEL,2000,0.3314809799194336
Belgium,BEL,2003,0.28143343329429626
Belgium,BEL,2004,0.3054142892360687
Belgium,BEL,2005,0.29336920380592346
Belgium,BEL,2006,0.2805405259132385
Belgium,BEL,2007,0.2923767864704132
Belgium,BEL,2008,0.28373730182647705
Belgium,BEL,2009,0.28551191091537476
Belgium,BEL,2010,0.2837482988834381
Belgium,BEL,2011,0.28060439229011536
Belgium,BEL,2012,0.2749049961566925
Belgium,BEL,2013,0.2766885757446289
Belgium,BEL,2014,0.2813401222229004
Belgium,BEL,2015,0.2772930860519409
Belgium,BEL,2016,0.2758074104785919
Belgium,BEL,2017,0.27387648820877075
Belgium,BEL,2018,0.2721419930458069
Belgium,BEL,2019,0.2721955478191376
Belgium,BEL,2020,0.2595827877521515
Belgium,BEL,2021,0.2657763361930847
Belgium,BEL,2022,0.26375555992126465
Belgium,BEL,2023,0.26823103427886963
Belize,BLZ,1995,0.5754764676094055
Belize,BLZ,2018,0.39949584007263184
Benin,BEN,2003,0.3857746720314026
Benin,BEN,2011,0.4343927502632141
Benin,BEN,2015,0.4760386049747467
Benin,BEN,2018,0.37948644161224365
Benin,BEN,2021,0.3439580798149109
Bhutan,BTN,2003,0.40898001194000244
Bhutan,BTN,2007,0.38090771436691284
Bhutan,BTN,2012,0.3880932629108429
Bhutan,BTN,2017,0.3744140863418579
Bhutan,BTN,2022,0.2845352292060852
Bolivia,BOL,1997,0.5814171433448792
Bolivia,BOL,1999,0.5803599953651428
Bolivia,BOL,2000,0.6156523823738098
Bolivia,BOL,2001,0.5736684203147888
Bolivia,BOL,2002,0.5927492380142212
Bolivia,BOL,2004,0.5500035285949707
Bolivia,BOL,2005,0.5851856470108032
Bolivia,BOL,2006,0.566602885723114
Bolivia,BOL,2007,0.5453250408172607
Bolivia,BOL,2008,0.5081493854522705
Bolivia,BOL,2009,0.4922029674053192
Bolivia,BOL,2011,0.4608036279678345
Bolivia,BOL,2012,0.4657996892929077
Bolivia,BOL,2013,0.475885808467865
Bolivia,BOL,2014,0.47829169034957886
Bolivia,BOL,2015,0.4673164486885071
Bolivia,BOL,2016,0.45240822434425354
Bolivia,BOL,2017,0.44617795944213867
Bolivia,BOL,2018,0.4257908761501312
Bolivia,BOL,2019,0.41644158959388733
Bolivia,BOL,2020,0.4364292025566101
Bolivia,BOL,2021,0.40913382172584534
Bolivia,BOL,2022,0.41208377480506897
Bolivia,BOL,2023,0.42050114274024963
Bolivia,BOL,2024,0.40868324041366577
Bolivia (urban),,1990,0.42035722732543945
Bolivia (urban),,1992,0.49072396755218506
Bosnia and Herzegovina,BIH,2001,0.2996641993522644
Bosnia and Herzegovina,BIH,2004,0.3403748869895935
Bosnia and Herzegovina,BIH,2007,0.3425677716732025
Bosnia and Herzegovina,BIH,2011,0.3332180380821228
Bosnia and Herzegovina,BIH,2015,0.3293428421020508
Bosnia and Herzegovina,BIH,2021,0.3031010031700134
Botswana,BWA,1985,0.542120099067688
Botswana,BWA,1993,0.6014758944511414
Botswana,BWA,2002,0.6153864860534668
Botswana,BWA,2009,0.5693109035491943
Botswana,BWA,2015,0.5490735769271851
Brazil,BRA,1981,0.5786404609680176
Brazil,BRA,1982,0.5835609436035156
Brazil,BRA,1983,0.5890397429466248
Brazil,BRA,1984,0.5829911828041077
Brazil,BRA,1985,0.5552642345428467
Brazil,BRA,1986,0.5843289494514465
Brazil,BRA,1987,0.5964314937591553
Brazil,BRA,1988,0.6137229800224304
Brazil,BRA,1989,0.6324578523635864
Brazil,BRA,1990,0.6045087575912476
Brazil,BRA,1992,0.5310341715812683
Brazil,BRA,1993,0.6006689667701721
Brazil,BRA,1995,0.5953119397163391
Brazil,BRA,1996,0.5983837842941284
Brazil,BRA,1997,0.597547173500061
Brazil,BRA,1998,0.595662534236908
Brazil,BRA,1999,0.5895122289657593
Brazil,BRA,2001,0.5840287804603577
Brazil,BRA,2002,0.5810567140579224
Brazil,BRA,2003,0.5755338668823242
Brazil,BRA,2004,0.5647182464599609
Brazil,BRA,2005,0.5631012916564941
Brazil,BRA,2006,0.5564221143722534
Brazil,BRA,2007,0.5491916537284851
Brazil,BRA,2008,0.5403758883476257
Brazil,BRA,2009,0.5368199944496155
Brazil,BRA,2011,0.5294176936149597
Brazil,BRA,2012,0.5344597697257996
Brazil,BRA,2013,0.5271087288856506
Brazil,BRA,2014,0.5205163359642029
Brazil,BRA,2015,0.5193667411804199
Brazil,BRA,2016,0.5336230397224426
Brazil,BRA,2017,0.5328665971755981
Brazil,BRA,2018,0.5389050245285034
Brazil,BRA,2019,0.534758448600769
Brazil,BRA,2020,0.4882206320762634
Brazil,BRA,2021,0.5285088419914246
Brazil,BRA,2022,0.5189443826675415
Brazil,BRA,2023,0.5148624181747437
Brazil,BRA,2024,0.5025812387466431
Bulgaria,BGR,1992,0.30714309215545654
Bulgaria,BGR,2006,0.3568882644176483
Bulgaria,BGR,2007,0.3609587848186493
Bulgaria,BGR,2008,0.33572569489479065
Bulgaria,BGR,2009,0.33823075890541077
Bulgaria,BGR,2010,0.3565346598625183
Bulgaria,BGR,2011,0.34274977445602417
Bulgaria,BGR,2012,0.36010974645614624
Bulgaria,BGR,2013,0.36570894718170166
Bulgaria,BGR,2014,0.3741585314273834
Bulgaria,BGR,2015,0.38564378023147583
Bulgaria,BGR,2016,0.40589675307273865
Bulgaria,BGR,2017,0.4037896394729614
Bulgaria,BGR,2018,0.41284075379371643
Bulgaria,BGR,2019,0.4027111828327179
Bulgaria,BGR,2020,0.4052315354347229
Bulgaria,BGR,2021,0.39005446434020996
Bulgaria,BGR,2022,0.38201501965522766
Bulgaria,BGR,2023,0.3947053551673889
Burkina Faso,BFA,1994,0.48017555475234985
Burkina Faso,BFA,1998,0.4986853003501892
Burkina Faso,BFA,2003,0.43251150846481323
Burkina Faso,BFA,2009,0.3976069986820221
Burkina Faso,BFA,2014,0.3530122637748718
Burkina Faso,BFA,2018,0.4301673173904419
Burkina Faso,BFA,2021,0.37391287088394165
Burundi,BDI,1992,0.3333381116390228
Burundi,BDI,1998,0.4205813705921173
Burundi,BDI,2006,0.33359864354133606
Burundi,BDI,2013,0.38623976707458496
Burundi,BDI,2020,0.3745608627796173
Cameroon,CMR,1996,0.4444674551486969
Cameroon,CMR,2001,0.42136794328689575
Cameroon,CMR,2007,0.4282006323337555
Cameroon,CMR,2014,0.46640872955322266
Cameroon,CMR,2021,0.4217607378959656
Canada,CAN,1971,0.37247592210769653
Canada,CAN,1973,0.34902581572532654
Canada,CAN,1975,0.34087929129600525
Canada,CAN,1977,0.3372953534126282
Canada,CAN,1979,0.334696501493454
Canada,CAN,1981,0.32963722944259644
Canada,CAN,1982,0.32930412888526917
Canada,CAN,1984,0.3351815640926361
Canada,CAN,1985,0.33175626397132874
Canada,CAN,1986,0.31676018238067627
Canada,CAN,1987,0.3165365755558014
Canada,CAN,1988,0.31198540329933167
Canada,CAN,1989,0.310125470161438
Canada,CAN,1990,0.31365910172462463
Canada,CAN,1991,0.3194330036640167
Canada,CAN,1992,0.31564417481422424
Canada,CAN,1993,0.3167570233345032
Canada,CAN,1994,0.31304290890693665
Canada,CAN,1995,0.31509485840797424
Canada,CAN,1996,0.3276911973953247
Canada,CAN,1997,0.33118176460266113
Canada,CAN,1998,0.33218714594841003
Canada,CAN,1999,0.33062395453453064
Canada,CAN,2000,0.33419671654701233
Canada,CAN,2001,0.3355606496334076
Canada,CAN,2002,0.3356156349182129
Canada,CAN,2003,0.3381083607673645
Canada,CAN,2004,0.33777785301208496
Canada,CAN,2005,0.3362303376197815
Canada,CAN,2006,0.340922474861145
Canada,CAN,2007,0.33842748403549194
Canada,CAN,2008,0.3393216133117676
Canada,CAN,2009,0.33953171968460083
Canada,CAN,2010,0.3359406590461731
Canada,CAN,2011,0.3265787661075592
Canada,CAN,2012,0.3353993594646454
Canada,CAN,2013,0.3380000591278076
Canada,CAN,2014,0.3315858840942383
Canada,CAN,2015,0.33747410774230957
Canada,CAN,2016,0.32702723145484924
Canada,CAN,2017,0.3330910801887512
Canada,CAN,2018,0.32510149478912354
Canada,CAN,2019,0.31750577688217163
Canada,CAN,2020,0.29852667450904846
Canada,CAN,2021,0.3111538589000702
Canada,CAN,2022,0.31495213508605957
Cape Verde,CPV,2001,0.5249522924423218
Cape Verde,CPV,2007,0.4718738794326782
Cape Verde,CPV,2015,0.4238108694553375
Central African Republic,CAF,1992,0.596851110458374
Central African Republic,CAF,2008,0.5619515180587769
Central African Republic,CAF,2021,0.4303445816040039
Chad,TCD,2003,0.3981172740459442
Chad,TCD,2011,0.43320271372795105
Chad,TCD,2018,0.3749915361404419
Chad,TCD,2022,0.3735768496990204
Chile,CHL,1987,0.5619359612464905
Chile,CHL,1990,0.5723575949668884
Chile,CHL,1992,0.5480666160583496
Chile,CHL,1994,0.5642126798629761
Chile,CHL,1996,0.5486896634101868
Chile,CHL,1998,0.5551680326461792
Chile,CHL,2000,0.5275869369506836
Chile,CHL,2003,0.5147556066513062
Chile,CHL,2006,0.47706884145736694
Chile,CHL,2009,0.4740466773509979
Chile,CHL,2011,0.46868157386779785
Chile,CHL,2013,0.4682393968105316
Chile,CHL,2015,0.45343348383903503
Chile,CHL,2017,0.45269984006881714
Chile,CHL,2020,0.47004908323287964
Chile,CHL,2022,0.4323556125164032
Chile,CHL,2024,0.43023034930229187
China,CHN,1981,0.2816702425479889
China,CHN,1984,0.27081549167633057
China,CHN,1987,0.2933921813964844
China,CHN,1990,0.3222460448741913
China,CHN,1993,0.33790507912635803
China,CHN,1996,0.3524189591407776
China,CHN,1999,0.38704097270965576
China,CHN,2002,0.4195939600467682
China,CHN,2005,0.40890762209892273
China,CHN,2008,0.4293244779109955
China,CHN,2010,0.4374423623085022
China,CHN,2011,0.42309626936912537
China,CHN,2012,0.4212152063846588
China,CHN,2013,0.39716944098472595
China,CHN,2014,0.39158299565315247
China,CHN,2015,0.3857407569885254
China,CHN,2016,0.38451287150382996
China,CHN,2017,0.39041778445243835
China,CHN,2018,0.3848232924938202
China,CHN,2019,0.3817462921142578
China,CHN,2020,0.3712333142757416
China,CHN,2021,0.35788795351982117
China,CHN,2022,0.3604621887207031
China (rural),,1981,0.24729232490062714
China (rural),,1984,0.26686128973960876
China (rural),,1987,0.2945106327533722
China (rural),,1990,0.30475813150405884
China (rural),,1993,0.2804392874240875
China (rural),,1996,0.3362043797969818
China (rural),,1999,0.3538941740989685
China (rural),,2002,0.38019347190856934
China (rural),,2005,0.35849201679229736
China (rural),,2008,0.3939904570579529
China (rural),,2010,0.4060783088207245
China (rural),,2011,0.3849744200706482
China (rural),,2012,0.39497342705726624
China (rural),,2013,0.3397101163864136
China (rural),,2014,0.3375639021396637
China (rural),,2015,0.33242806792259216
China (rural),,2016,0.33179837465286255
China (rural),,2017,0.3425598442554474
China (rural),,2018,0.33541563153266907
China (rural),,2019,0.3267486095428467
China (rural),,2020,0.31574252247810364
China (rural),,2021,0.3040403723716736
China (rural),,2022,0.31691938638687134
China (urban),,1981,0.18508829176425934
China (urban),,1984,0.17744046449661255
China (urban),,1987,0.20129786431789398
China (urban),,1990,0.25594639778137207
China (urban),,1993,0.284663587808609
China (urban),,1996,0.29089227318763733
China (urban),,1999,0.3154756426811218
China (urban),,2002,0.3339574933052063
China (urban),,2005,0.34735891222953796
China (urban),,2008,0.35154303908348083
China (urban),,2010,0.35744521021842957
China (urban),,2011,0.3555922508239746
China (urban),,2012,0.3535335063934326
China (urban),,2013,0.36686229705810547
China (urban),,2014,0.36429673433303833
China (urban),,2015,0.36156222224235535
China (urban),,2016,0.361248254776001
China (urban),,2017,0.36941930651664734
China (urban),,2018,0.36906132102012634
China (urban),,2019,0.3705255687236786
China (urban),,2020,0.36667653918266296
China (urban),,2021,0.35652607679367065
China (urban),,2022,0.35928812623023987
Colombia,COL,1992,0.5134726166725159
Colombia,COL,1996,0.5677192807197571
Colombia,COL,1999,0.5852622985839844
Colombia,COL,2000,0.5837996006011963
Colombia,COL,2001,0.5731984376907349
Colombia,COL,2002,0.5600672960281372
Colombia,COL,2003,0.5357276797294617
Colombia,COL,2004,0.5497446656227112
Colombia,COL,2005,0.5390760898590088
Colombia,COL,2008,0.5495076775550842
Colombia,COL,2009,0.5408360958099365
Colombia,COL,2010,0.544486939907074
Colombia,COL,2011,0.533068835735321
Colombia,COL,2012,0.5357121229171753
Colombia,COL,2013,0.5353052020072937
Colombia,COL,2014,0.5355020761489868
Colombia,COL,2015,0.5201959609985352
Colombia,COL,2016,0.5172199010848999
Colombia,COL,2017,0.5092157125473022
Colombia,COL,2018,0.5163972973823547
Colombia,COL,2019,0.5250016450881958
Colombia,COL,2020,0.5443286895751953
Colombia,COL,2021,0.5511702299118042
Colombia,COL,2022,0.5481858253479004
Colombia,COL,2023,0.5457971096038818
Colombia,COL,2024,0.5437782406806946
Colombia (urban),,1980,0.5509123802185059
Colombia (urban),,1988,0.5310616493225098
Colombia (urban),,1989,0.5284379720687866
Colombia (urban),,1991,0.5131889581680298
Comoros,COM,2004,0.5592429041862488
Comoros,COM,2014,0.4533218741416931
Comoros,COM,2020,0.3418397307395935
Comoros,COM,2024,0.30312690138816833
Congo,COG,2005,0.47329872846603394
Congo,COG,2011,0.4893769323825836
Costa Rica,CRI,1981,0.47494763135910034
Costa Rica,CRI,1986,0.34413251280784607
Costa Rica,CRI,1989,0.4546493887901306
Costa Rica,CRI,1990,0.4521392583847046
Costa Rica,CRI,1991,0.4655316472053528
Costa Rica,CRI,1992,0.45639222860336304
Costa Rica,CRI,1993,0.4592636227607727
Costa Rica,CRI,1994,0.4670184552669525
Costa Rica,CRI,1995,0.4565892517566681
Costa Rica,CRI,1996,0.46477681398391724
Costa Rica,CRI,1997,0.4557816684246063
Costa Rica,CRI,1998,0.45637398958206177
Costa Rica,CRI,1999,0.47630617022514343
Costa Rica,CRI,2000,0.47409483790397644
Costa Rica,CRI,2001,0.5150595903396606
Costa Rica,CRI,2002,0.5181252956390381
Costa Rica,CRI,2003,0.4930032193660736
Costa Rica,CRI,2004,0.4841752052307129
Costa Rica,CRI,2005,0.47510257363319397
Costa Rica,CRI,2006,0.4928048253059387
Costa Rica,CRI,2007,0.49312812089920044
Costa Rica,CRI,2008,0.48640772700309753
Costa Rica,CRI,2009,0.505546510219574
Costa Rica,CRI,2010,0.48043039441108704
Costa Rica,CRI,2011,0.48759201169013977
Costa Rica,CRI,2012,0.4841729998588562
Costa Rica,CRI,2013,0.4915180802345276
Costa Rica,CRI,2014,0.4863209128379822
Costa Rica,CRI,2015,0.4837394952774048
Costa Rica,CRI,2016,0.4870411157608032
Costa Rica,CRI,2017,0.4834520220756531
Costa Rica,CRI,2018,0.47969961166381836
Costa Rica,CRI,2019,0.4818985164165497
Costa Rica,CRI,2020,0.49245044589042664
Costa Rica,CRI,2021,0.4867802858352661
Costa Rica,CRI,2022,0.47151297330856323
Costa Rica,CRI,2023,0.46729329228401184
Costa Rica,CRI,2024,0.4582914113998413
Costa Rica,CRI,2025,0.4545671343803406
Cote d'Ivoire,CIV,1985,0.4552132785320282
Cote d'Ivoire,CIV,1986,0.37969762086868286
Cote d'Ivoire,CIV,1987,0.40509116649627686
Cote d'Ivoire,CIV,1988,0.3688628673553467
Cote d'Ivoire,CIV,1992,0.3938218653202057
Cote d'Ivoire,CIV,1995,0.4056382179260254
Cote d'Ivoire,CIV,1998,0.38957417011260986
Cote d'Ivoire,CIV,2008,0.43179845809936523
Cote d'Ivoire,CIV,2015,0.414688378572464
Cote d'Ivoire,CIV,2018,0.37168875336647034
Cote d'Ivoire,CIV,2021,0.3527536392211914
Croatia,HRV,1988,0.22780726850032806
Croatia,HRV,2009,0.32553601264953613
Croatia,HRV,2010,0.323729932308197
Croatia,HRV,2011,0.3225421607494354
Croatia,HRV,2012,0.32471638917922974
Croatia,HRV,2013,0.31992214918136597
Croatia,HRV,2014,0.32102909684181213
Croatia,HRV,2015,0.3111312985420227
Croatia,HRV,2016,0.30897873640060425
Croatia,HRV,2017,0.3035227358341217
Croatia,HRV,2018,0.2972862422466278
Croatia,HRV,2019,0.2890828251838684
Croatia,HRV,2020,0.29543304443359375
Croatia,HRV,2021,0.28895947337150574
Croatia,HRV,2022,0.30017322301864624
Croatia,HRV,2023,0.3010595738887787
Cyprus,CYP,2004,0.3008905351161957
Cyprus,CYP,2005,0.3025941252708435
Cyprus,CYP,2006,0.3112596273422241
Cyprus,CYP,2007,0.3111327290534973
Cyprus,CYP,2008,0.3170860707759857
Cyprus,CYP,2009,0.32108262181282043
Cyprus,CYP,2010,0.3145778775215149
Cyprus,CYP,2011,0.3262549936771393
Cyprus,CYP,2012,0.3431243300437927
Cyprus,CYP,2013,0.37041833996772766
Cyprus,CYP,2014,0.3556528389453888
Cyprus,CYP,2015,0.3396637737751007
Cyprus,CYP,2016,0.3289168179035187
Cyprus,CYP,2017,0.31416234374046326
Cyprus,CYP,2018,0.32739752531051636
Cyprus,CYP,2019,0.3122324049472809
Cyprus,CYP,2020,0.3172794282436371
Cyprus,CYP,2021,0.3125177025794983
Cyprus,CYP,2022,0.3153407573699951
Cyprus,CYP,2023,0.31838399171829224
Czechia,CZE,1992,0.2070418894290924
Czechia,CZE,1993,0.265534907579422
Czechia,CZE,1996,0.25800082087516785
Czechia,CZE,2002,0.2655617594718933
Czechia,CZE,2004,0.2753317952156067
Czechia,CZE,2005,0.26946017146110535
Czechia,CZE,2006,0.26744118332862854
Czechia,CZE,2007,0.2599864900112152
Czechia,CZE,2008,0.2628021240234375
Czechia,CZE,2009,0.26156675815582275
Czechia,CZE,2010,0.2662351429462433
Czechia,CZE,2011,0.26381275057792664
Czechia,CZE,2012,0.2610993981361389
Czechia,CZE,2013,0.2647390365600586
Czechia,CZE,2014,0.25923222303390503
Czechia,CZE,2015,0.2586742639541626
Czechia,CZE,2016,0.25406333804130554
Czechia,CZE,2017,0.2485221028327942
Czechia,CZE,2018,0.24990341067314148
Czechia,CZE,2019,0.25262197852134705
Czechia,CZE,2020,0.26245132088661194
Czechia,CZE,2021,0.2620210349559784
Czechia,CZE,2022,0.25870388746261597
Czechia,CZE,2023,0.25713998079299927
Democratic Republic of Congo,COD,2004,0.4163389503955841
Democratic Republic of Congo,COD,2012,0.4207512140274048
Democratic Republic of Congo,COD,2020,0.44673240184783936
Denmark,DNK,1987,0.2623308002948761
Denmark,DNK,1992,0.24692438542842865
Denmark,DNK,1995,0.22957485914230347
Denmark,DNK,2000,0.23767393827438354
Denmark,DNK,2003,0.2563104033470154
Denmark,DNK,2004,0.24911795556545258
Denmark,DNK,2005,0.25186386704444885
Denmark,DNK,2006,0.2591307759284973
Denmark,DNK,2007,0.2618425786495209
Denmark,DNK,2008,0.2524627149105072
Denmark,DNK,2009,0.26701194047927856
Denmark,DNK,2010,0.27198559045791626
Denmark,DNK,2011,0.27311745285987854
Denmark,DNK,2012,0.27790749073028564
Denmark,DNK,2013,0.28542548418045044
Denmark,DNK,2014,0.28352880477905273
Denmark,DNK,2015,0.2817724347114563
Denmark,DNK,2016,0.281874418258667
Denmark,DNK,2017,0.2874666154384613
Denmark,DNK,2018,0.28165727853775024
Denmark,DNK,2019,0.27723315358161926
Denmark,DNK,2020,0.2750393748283386
Denmark,DNK,2021,0.28323492407798767
Denmark,DNK,2022,0.2925940155982971
Denmark,DNK,2023,0.29924848675727844
Djibouti,DJI,2002,0.3999737799167633
Djibouti,DJI,2012,0.45106539130210876
Djibouti,DJI,2013,0.4411860406398773
Djibouti,DJI,2017,0.4158601462841034
Dominican Republic,DOM,1986,0.4778079390525818
Dominican Republic,DOM,1989,0.504481315612793
Dominican Republic,DOM,1992,0.5105342268943787
Dominican Republic,DOM,1996,0.47420477867126465
Dominican Republic,DOM,1997,0.4890393018722534
Dominican Republic,DOM,2000,0.5151459574699402
Dominican Republic,DOM,2001,0.49998998641967773
Dominican Republic,DOM,2002,0.49672260880470276
Dominican Republic,DOM,2003,0.5212064981460571
Dominican Republic,DOM,2004,0.5205090045928955
Dominican Republic,DOM,2005,0.49965226650238037
Dominican Republic,DOM,2006,0.5196129679679871
Dominican Republic,DOM,2007,0.4885563850402832
Dominican Republic,DOM,2008,0.48107606172561646
Dominican Republic,DOM,2009,0.4887566566467285
Dominican Republic,DOM,2010,0.47325944900512695
Dominican Republic,DOM,2011,0.47706905007362366
Dominican Republic,DOM,2012,0.4613354206085205
Dominican Republic,DOM,2013,0.4765639305114746
Dominican Republic,DOM,2014,0.44279468059539795
Dominican Republic,DOM,2015,0.45181024074554443
Dominican Republic,DOM,2016,0.4572271406650543
Dominican Republic,DOM,2017,0.42193278670310974
Dominican Republic,DOM,2018,0.4368615746498108
Dominican Republic,DOM,2019,0.41917237639427185
Dominican Republic,DOM,2020,0.3962867259979248
Dominican Republic,DOM,2021,0.38529354333877563
Dominican Republic,DOM,2022,0.36979401111602783
Dominican Republic,DOM,2023,0.38397565484046936
Dominican Republic,DOM,2024,0.3897125720977783
East Timor,TLS,2001,0.3593529164791107
East Timor,TLS,2007,0.2782331705093384
East Timor,TLS,2014,0.2865292727947235
Ecuador,ECU,1994,0.5333368182182312
Ecuador,ECU,1999,0.5857383012771606
Ecuador,ECU,2000,0.5630455017089844
Ecuador,ECU,2003,0.5351476073265076
Ecuador,ECU,2004,0.5389178395271301
Ecuador,ECU,2005,0.5305740237236023
Ecuador,ECU,2006,0.5225061774253845
Ecuador,ECU,2007,0.5335530638694763
Ecuador,ECU,2008,0.49788129329681396
Ecuador,ECU,2009,0.4849892854690552
Ecuador,ECU,2010,0.4880008399486542
Ecuador,ECU,2011,0.45871636271476746
Ecuador,ECU,2012,0.4610954225063324
Ecuador,ECU,2013,0.4686249792575836
Ecuador,ECU,2014,0.44992679357528687
Ecuador,ECU,2015,0.45951008796691895
Ecuador,ECU,2016,0.4501645565032959
Ecuador,ECU,2017,0.44670116901397705
Ecuador,ECU,2018,0.4543803036212921
Ecuador,ECU,2019,0.45710039138793945
Ecuador,ECU,2020,0.47309672832489014
Ecuador,ECU,2021,0.45797622203826904
Ecuador,ECU,2022,0.45465120673179626
Ecuador,ECU,2023,0.44579553604125977
Ecuador,ECU,2024,0.45195475220680237
Ecuador,ECU,2025,0.45920056104660034
Ecuador (urban),,1987,0.5048003792762756
Ecuador (urban),,1995,0.5083456635475159
Ecuador (urban),,1998,0.49607276916503906
Egypt,EGY,1990,0.32003939151763916
Egypt,EGY,1995,0.30082839727401733
Egypt,EGY,1999,0.3083484470844269
Egypt,EGY,2004,0.3184754550457001
Egypt,EGY,2008,0.31102436780929565
Egypt,EGY,2010,0.3019145727157593
Egypt,EGY,2012,0.28292202949523926
Egypt,EGY,2015,0.31823357939720154
Egypt,EGY,2017,0.3153395354747772
Egypt,EGY,2019,0.31893250346183777
Egypt,EGY,2021,0.2848203778266907
El Salvador,SLV,1989,0.48709404468536377
El Salvador,SLV,1991,0.537876546382904
El Salvador,SLV,1995,0.49846726655960083
El Salvador,SLV,1996,0.5095692276954651
El Salvador,SLV,1998,0.5437270998954773
El Salvador,SLV,1999,0.5207594633102417
El Salvador,SLV,2000,0.5146269202232361
El Salvador,SLV,2001,0.5134467482566833
El Salvador,SLV,2002,0.5185033082962036
El Salvador,SLV,2003,0.5043386816978455
El Salvador,SLV,2004,0.47798246145248413
El Salvador,SLV,2005,0.4847131073474884
El Salvador,SLV,2006,0.45688962936401367
El Salvador,SLV,2007,0.45217469334602356
El Salvador,SLV,2008,0.4688558876514435
El Salvador,SLV,2009,0.45824840664863586
El Salvador,SLV,2010,0.43513259291648865
El Salvador,SLV,2011,0.4231797754764557
El Salvador,SLV,2012,0.41828832030296326
El Salvador,SLV,2013,0.4335865080356598
El Salvador,SLV,2014,0.4155943989753723
El Salvador,SLV,2015,0.40551814436912537
El Salvador,SLV,2016,0.39978542923927307
El Salvador,SLV,2017,0.38013309240341187
El Salvador,SLV,2018,0.3861057162284851
El Salvador,SLV,2019,0.3877876400947571
El Salvador,SLV,2021,0.39010632038116455
El Salvador,SLV,2022,0.38752999901771545
El Salvador,SLV,2023,0.398023784160614
Equatorial Guinea,GNQ,2022,0.3854236304759979
Estonia,EST,1993,0.3942733407020569
Estonia,EST,2003,0.3719470798969269
Estonia,EST,2004,0.33559250831604004
Estonia,EST,2005,0.33446767926216125
Estonia,EST,2006,0.33667656779289246
Estonia,EST,2007,0.3117837905883789
Estonia,EST,2008,0.3191497027873993
Estonia,EST,2009,0.3144266605377197
Estonia,EST,2010,0.3199983835220337
Estonia,EST,2011,0.3248837888240814
Estonia,EST,2012,0.32913485169410706
Estonia,EST,2013,0.35075488686561584
Estonia,EST,2014,0.3458777964115143
Estonia,EST,2015,0.3266787528991699
Estonia,EST,2016,0.31194671988487244
Estonia,EST,2017,0.303542822599411
Estonia,EST,2018,0.30320098996162415
Estonia,EST,2019,0.3076534569263458
Estonia,EST,2020,0.30737072229385376
Estonia,EST,2021,0.31833958625793457
Estonia,EST,2022,0.3225240409374237
Estonia,EST,2023,0.30707377195358276
Eswatini,SWZ,1994,0.5871370434761047
Eswatini,SWZ,2000,0.5311352014541626
Eswatini,SWZ,2009,0.5144217014312744
Eswatini,SWZ,2016,0.5457979440689087
Ethiopia,ETH,1995,0.44563573598861694
Ethiopia,ETH,1999,0.2997579574584961
Ethiopia,ETH,2004,0.2980685234069824
Ethiopia,ETH,2010,0.3317060172557831
Ethiopia,ETH,2015,0.3499312400817871
Ethiopia,ETH,2021,0.31141793727874756
Ethiopia (rural),,1981,0.30980363488197327
Fiji,FJI,2002,0.38102054595947266
Fiji,FJI,2008,0.40375587344169617
Fiji,FJI,2013,0.36696597933769226
Fiji,FJI,2019,0.30706867575645447
Finland,FIN,1987,0.2217208296060562
Finland,FIN,1991,0.22880318760871887
Finland,FIN,1995,0.2346004992723465
Finland,FIN,2000,0.2715839445590973
Finland,FIN,2003,0.27686429023742676
Finland,FIN,2004,0.27897652983665466
Finland,FIN,2005,0.2761949300765991
Finland,FIN,2006,0.27998724579811096
Finland,FIN,2007,0.2828556299209595
Finland,FIN,2008,0.27838134765625
Finland,FIN,2009,0.27455276250839233
Finland,FIN,2010,0.2771396338939667
Finland,FIN,2011,0.2764264941215515
Finland,FIN,2012,0.27096378803253174
Finland,FIN,2013,0.27193668484687805
Finland,FIN,2014,0.2677680552005768
Finland,FIN,2015,0.2710181176662445
Finland,FIN,2016,0.2707842290401459
Finland,FIN,2017,0.27382832765579224
Finland,FIN,2018,0.27329570055007935
Finland,FIN,2019,0.27737125754356384
Finland,FIN,2020,0.27091044187545776
Finland,FIN,2021,0.2770850658416748
Finland,FIN,2022,0.27925923466682434
Finland,FIN,2023,0.27399832010269165
France,FRA,1970,0.37147071957588196
France,FRA,1975,0.359199583530426
France,FRA,1979,0.3404380977153778
France,FRA,1984,0.33400264382362366
France,FRA,1990,0.32120221853256226
France,FRA,1996,0.3201727569103241
France,FRA,1997,0.319009393453598
France,FRA,1998,0.3165864944458008
France,FRA,1999,0.3250090181827545
France,FRA,2000,0.32554125785827637
France,FRA,2001,0.3253459334373474
France,FRA,2002,0.3177925646305084
France,FRA,2003,0.31411054730415344
France,FRA,2004,0.3064725697040558
France,FRA,2005,0.2983386814594269
France,FRA,2006,0.2969108819961548
France,FRA,2007,0.3242770731449127
France,FRA,2008,0.32996442914009094
France,FRA,2009,0.3266122043132782
France,FRA,2010,0.3372041881084442
France,FRA,2011,0.3329474925994873
France,FRA,2012,0.33114859461784363
France,FRA,2013,0.3251255452632904
France,FRA,2014,0.32262158393859863
France,FRA,2015,0.3270423114299774
France,FRA,2016,0.3192351758480072
France,FRA,2017,0.3163205087184906
France,FRA,2018,0.32380664348602295
France,FRA,2019,0.31199565529823303
France,FRA,2020,0.3066146969795227
France,FRA,2021,0.31500956416130066
France,FRA,2022,0.31236910820007324
France,FRA,2023,0.31809309124946594
Gabon,GAB,2005,0.4218498766422272
Gabon,GAB,2017,0.380243718624115
Gambia,GMB,1998,0.4832201600074768
Gambia,GMB,2003,0.47315526008605957
Gambia,GMB,2010,0.4356842041015625
Gambia,GMB,2015,0.3591883182525635
Gambia,GMB,2020,0.3875720500946045
Georgia,GEO,1996,0.37132707238197327
Georgia,GEO,1997,0.4068089723587036
Georgia,GEO,1998,0.41227972507476807
Georgia,GEO,1999,0.4012637138366699
Georgia,GEO,2000,0.4045737087726593
Georgia,GEO,2001,0.3955507278442383
Georgia,GEO,2002,0.3724569082260132
Georgia,GEO,2003,0.3664979636669159
Georgia,GEO,2004,0.3616828918457031
Georgia,GEO,2005,0.3737491965293884
Georgia,GEO,2006,0.3686513602733612
Georgia,GEO,2007,0.38107985258102417
Georgia,GEO,2008,0.3853241503238678
Georgia,GEO,2009,0.382345050573349
Georgia,GEO,2010,0.39458388090133667
Georgia,GEO,2011,0.3959311544895172
Georgia,GEO,2012,0.3895387053489685
Georgia,GEO,2013,0.38588786125183105
Georgia,GEO,2014,0.3755413293838501
Georgia,GEO,2015,0.3650367558002472
Georgia,GEO,2016,0.3663964867591858
Georgia,GEO,2017,0.3793957531452179
Georgia,GEO,2018,0.36411362886428833
Georgia,GEO,2019,0.35900697112083435
Georgia,GEO,2020,0.34464970231056213
Georgia,GEO,2021,0.34178444743156433
Georgia,GEO,2022,0.33500024676322937
Georgia,GEO,2023,0.34756895899772644
Georgia,GEO,2024,0.3385380506515503
Germany,DEU,1991,0.29299071431159973
Germany,DEU,1992,0.2896960973739624
Germany,DEU,1993,0.2841121554374695
Germany,DEU,1994,0.290790319442749
Germany,DEU,1995,0.2873387038707733
Germany,DEU,1996,0.2825237810611725
Germany,DEU,1997,0.2818816602230072
Germany,DEU,1998,0.2814408242702484
Germany,DEU,1999,0.2899678647518158
Germany,DEU,2000,0.2868901789188385
Germany,DEU,2001,0.2992582321166992
Germany,DEU,2002,0.29876595735549927
Germany,DEU,2003,0.2987043857574463
Germany,DEU,2004,0.30112794041633606
Germany,DEU,2005,0.316117525100708
Germany,DEU,2006,0.31046903133392334
Germany,DEU,2007,0.31191548705101013
Germany,DEU,2008,0.3063329756259918
Germany,DEU,2009,0.3044077157974243
Germany,DEU,2010,0.30200904607772827
Germany,DEU,2011,0.30444011092185974
Germany,DEU,2012,0.3090589940547943
Germany,DEU,2013,0.3142034113407135
Germany,DEU,2014,0.30797404050827026
Germany,DEU,2015,0.3140551447868347
Germany,DEU,2016,0.31318479776382446
Germany,DEU,2017,0.3131583333015442
Germany,DEU,2018,0.3188331127166748
Germany,DEU,2019,0.3221137523651123
Germany,DEU,2020,0.3250107765197754
Germany,DEU,2021,0.33575233817100525
Germany,DEU,2022,0.33659249544143677
Ghana,GHA,1987,0.3534957766532898
Ghana,GHA,1988,0.3599354028701782
Ghana,GHA,1991,0.3843171298503876
Ghana,GHA,1998,0.4007120728492737
Ghana,GHA,2005,0.427562415599823
Ghana,GHA,2012,0.4237164258956909
Ghana,GHA,2016,0.4350859522819519
Greece,GRC,1995,0.36498406529426575
Greece,GRC,2000,0.34441500902175903
Greece,GRC,2002,0.35522252321243286
Greece,GRC,2003,0.32759198546409607
Greece,GRC,2004,0.335880309343338
Greece,GRC,2005,0.3459669053554535
Greece,GRC,2006,0.35121819376945496
Greece,GRC,2007,0.33950820565223694
Greece,GRC,2008,0.3358771800994873
Greece,GRC,2009,0.3361497223377228
Greece,GRC,2010,0.34098759293556213
Greece,GRC,2011,0.3484191596508026
Greece,GRC,2012,0.36250361800193787
Greece,GRC,2013,0.3612728714942932
Greece,GRC,2014,0.35804522037506104
Greece,GRC,2015,0.359968364238739
Greece,GRC,2016,0.3495604395866394
Greece,GRC,2017,0.34350308775901794
Greece,GRC,2018,0.32890036702156067
Greece,GRC,2019,0.3310182988643646
Greece,GRC,2020,0.3355811536312103
Greece,GRC,2021,0.3293948471546173
Greece,GRC,2022,0.33373600244522095
Greece,GRC,2023,0.3343870937824249
Grenada,GRD,2018,0.438164085149765
Guatemala,GTM,1986,0.541327178478241
Guatemala,GTM,1989,0.5880920886993408
Guatemala,GTM,1998,0.49397599697113037
Guatemala,GTM,2000,0.5417457222938538
Guatemala,GTM,2006,0.5454021692276001
Guatemala,GTM,2014,0.4832651913166046
Guatemala,GTM,2023,0.4521268308162689
Guinea,GIN,1991,0.4555828869342804
Guinea,GIN,1994,0.46081608533859253
Guinea,GIN,2002,0.430027037858963
Guinea,GIN,2007,0.3935534656047821
Guinea,GIN,2012,0.3372970521450043
Guinea,GIN,2018,0.2959195375442505
Guinea-Bissau,GNB,1991,0.5575031042098999
Guinea-Bissau,GNB,1993,0.4360943138599396
Guinea-Bissau,GNB,2002,0.3556883633136749
Guinea-Bissau,GNB,2010,0.5060209035873413
Guinea-Bissau,GNB,2018,0.3476523160934448
Guinea-Bissau,GNB,2021,0.33435067534446716
Guyana,GUY,1992,0.3946759104728699
Guyana,GUY,1998,0.4505282938480377
Haiti,HTI,2001,0.5899116396903992
Haiti,HTI,2012,0.6045080423355103
Honduras,HND,1989,0.5536727905273438
Honduras,HND,1990,0.559285581111908
Honduras,HND,1991,0.5181965231895447
Honduras,HND,1992,0.5180389881134033
Honduras,HND,1993,0.5344483852386475
Honduras,HND,1994,0.5499133467674255
Honduras,HND,1995,0.5546936988830566
Honduras,HND,1996,0.5569672584533691
Honduras,HND,1997,0.5272735357284546
Honduras,HND,1998,0.5728847980499268
Honduras,HND,1999,0.5521424412727356
Honduras,HND,2001,0.5535134673118591
Honduras,HND,2002,0.5570878982543945
Honduras,HND,2003,0.580780565738678
Honduras,HND,2004,0.5809237360954285
Honduras,HND,2005,0.5947672724723816
Honduras,HND,2006,0.5752498507499695
Honduras,HND,2007,0.5581572651863098
Honduras,HND,2008,0.5548926591873169
Honduras,HND,2009,0.5128166675567627
Honduras,HND,2010,0.5308563709259033
Honduras,HND,2011,0.5255374312400818
Honduras,HND,2012,0.533649206161499
Honduras,HND,2013,0.49958476424217224
Honduras,HND,2014,0.49874868988990784
Honduras,HND,2015,0.49248698353767395
Honduras,HND,2016,0.4979712963104248
Honduras,HND,2017,0.49444568157196045
Honduras,HND,2018,0.48927849531173706
Honduras,HND,2019,0.4816896915435791
Honduras,HND,2023,0.4682682752609253
Honduras,HND,2024,0.4567611813545227
Honduras (urban),,1986,0.5509297847747803
Hungary,HUN,1987,0.20883092284202576
Hungary,HUN,1989,0.25047779083251953
Hungary,HUN,1991,0.2962120473384857
Hungary,HUN,1993,0.2793830335140228
Hungary,HUN,1994,0.3328717052936554
Hungary,HUN,1999,0.30219945311546326
Hungary,HUN,2004,0.298643559217453
Hungary,HUN,2005,0.34720951318740845
Hungary,HUN,2006,0.2829602062702179
Hungary,HUN,2007,0.278818279504776
Hungary,HUN,2008,0.27514025568962097
Hungary,HUN,2009,0.26959261298179626
Hungary,HUN,2010,0.29444122314453125
Hungary,HUN,2011,0.29157912731170654
Hungary,HUN,2012,0.3080250918865204
Hungary,HUN,2013,0.31504103541374207
Hungary,HUN,2014,0.30913037061691284
Hungary,HUN,2015,0.30407091975212097
Hungary,HUN,2016,0.30324020981788635
Hungary,HUN,2017,0.30582544207572937
Iceland,ISL,2003,0.2683603763580322
Iceland,ISL,2004,0.27981850504875183
Iceland,ISL,2005,0.29002445936203003
Iceland,ISL,2006,0.3024500906467438
Iceland,ISL,2007,0.29470887780189514
Iceland,ISL,2008,0.31789278984069824
Iceland,ISL,2009,0.286562442779541
Iceland,ISL,2010,0.2617129683494568
Iceland,ISL,2011,0.26830270886421204
Iceland,ISL,2012,0.26769423484802246
Iceland,ISL,2013,0.25402915477752686
Iceland,ISL,2014,0.27800416946411133
Iceland,ISL,2015,0.2678797245025635
Iceland,ISL,2016,0.272411048412323
Iceland,ISL,2017,0.26131579279899597
Iceland,ISL,2018,0.26565009355545044
Iceland,ISL,2019,0.26802557706832886
India,IND,1977,0.29698094725608826
India,IND,1983,0.27216479182243347
India,IND,1987,0.27541232109069824
India,IND,1993,0.26109811663627625
India,IND,2004,0.27682065963745117
India,IND,2009,0.2782588601112366
India,IND,2011,0.2877688407897949
India,IND,2022,0.2551499605178833
India,IND,2023,0.2299712896347046
Indonesia,IDN,1984,0.3229449689388275
Indonesia,IDN,1987,0.304065078496933
Indonesia,IDN,1990,0.31070443987846375
Indonesia,IDN,1993,0.3175494372844696
Indonesia,IDN,1996,0.3421379327774048
Indonesia,IDN,1998,0.3085094094276428
Indonesia,IDN,1999,0.30788475275039673
Indonesia,IDN,2000,0.3030627369880676
Indonesia,IDN,2001,0.3116591274738312
Indonesia,IDN,2002,0.3016376495361328
Indonesia,IDN,2003,0.29323187470436096
Indonesia,IDN,2004,0.3041650652885437
Indonesia,IDN,2005,0.2990362048149109
Indonesia,IDN,2006,0.3152412176132202
Indonesia,IDN,2007,0.33231717348098755
Indonesia,IDN,2008,0.3263291120529175
Indonesia,IDN,2009,0.3343270719051361
Indonesia,IDN,2010,0.34586310386657715
Indonesia,IDN,2011,0.3792591392993927
Indonesia,IDN,2012,0.3714888095855713
Indonesia,IDN,2013,0.38926851749420166
Indonesia,IDN,2014,0.3877997100353241
Indonesia,IDN,2015,0.38207533955574036
Indonesia,IDN,2016,0.3688569962978363
Indonesia,IDN,2017,0.363678902387619
Indonesia,IDN,2018,0.36338645219802856
Indonesia,IDN,2019,0.35359862446784973
Indonesia,IDN,2020,0.35335615277290344
Indonesia,IDN,2021,0.35504764318466187
Indonesia,IDN,2022,0.35512030124664307
Indonesia,IDN,2023,0.3605703115463257
Indonesia,IDN,2024,0.34894394874572754
Indonesia,IDN,2025,0.34434688091278076
Iran,IRN,1986,0.47419631481170654
Iran,IRN,1990,0.43604776263237
Iran,IRN,1994,0.4299836754798889
Iran,IRN,1998,0.4409564137458801
Iran,IRN,2005,0.43558642268180847
Iran,IRN,2006,0.44752037525177
Iran,IRN,2009,0.420500248670578
Iran,IRN,2011,0.34661975502967834
Iran,IRN,2012,0.34425538778305054
Iran,IRN,2013,0.3396950960159302
Iran,IRN,2014,0.3481402099132538
Iran,IRN,2015,0.35264045000076294
Iran,IRN,2016,0.3591230809688568
Iran,IRN,2017,0.3669367730617523
Iran,IRN,2018,0.3741990625858307
Iran,IRN,2019,0.36482253670692444
Iran,IRN,2020,0.35842931270599365
Iran,IRN,2021,0.35468730330467224
Iran,IRN,2022,0.3480343818664551
Iran,IRN,2023,0.3588479459285736
Iraq,IRQ,2006,0.2860061228275299
Iraq,IRQ,2012,0.29541856050491333
Iraq,IRQ,2023,0.2977394163608551
Ireland,IRL,1987,0.3546723425388336
Ireland,IRL,1994,0.3691566586494446
Ireland,IRL,1995,0.3704594373703003
Ireland,IRL,1996,0.3562469780445099
Ireland,IRL,2000,0.3301073908805847
Ireland,IRL,2002,0.3228887915611267
Ireland,IRL,2003,0.3288742005825043
Ireland,IRL,2004,0.33609539270401
Ireland,IRL,2005,0.3375394940376282
Ireland,IRL,2006,0.32727566361427307
Ireland,IRL,2007,0.3194657564163208
Ireland,IRL,2008,0.3090561628341675
Ireland,IRL,2009,0.3268015384674072
Ireland,IRL,2010,0.32294827699661255
Ireland,IRL,2011,0.32872188091278076
Ireland,IRL,2012,0.33220013976097107
Ireland,IRL,2013,0.334856778383255
Ireland,IRL,2014,0.3187445402145386
Ireland,IRL,2015,0.3182036876678467
Ireland,IRL,2016,0.3280714452266693
Ireland,IRL,2017,0.3135872185230255
Ireland,IRL,2018,0.3060292601585388
Ireland,IRL,2019,0.3025754988193512
Ireland,IRL,2020,0.29228150844573975
Ireland,IRL,2021,0.293718546628952
Ireland,IRL,2022,0.29912030696868896
Ireland,IRL,2023,0.2897247076034546
Israel,ISR,1979,0.3633461594581604
Israel,ISR,1986,0.3649177551269531
Israel,ISR,1992,0.35508665442466736
Israel,ISR,1997,0.38097822666168213
Israel,ISR,2001,0.38949358463287354
Israel,ISR,2002,0.39560356736183167
Israel,ISR,2003,0.4071962535381317
Israel,ISR,2004,0.4145374000072479
Israel,ISR,2005,0.42267510294914246
Israel,ISR,2006,0.4155300557613373
Israel,ISR,2007,0.41101086139678955
Israel,ISR,2008,0.4164712727069855
Israel,ISR,2009,0.426432728767395
Israel,ISR,2010,0.42562443017959595
Israel,ISR,2011,0.4146207571029663
Israel,ISR,2012,0.41303592920303345
Israel,ISR,2013,0.3987257778644562
Israel,ISR,2014,0.3975706696510315
Israel,ISR,2015,0.39712274074554443
Israel,ISR,2016,0.3901195526123047
Israel,ISR,2017,0.3821011781692505
Israel,ISR,2018,0.3859254717826843
Israel,ISR,2019,0.38282933831214905
Israel,ISR,2020,0.3777430057525635
Israel,ISR,2021,0.378947377204895
Israel,ISR,2022,0.38306573033332825
Italy,ITA,1977,0.34007853269577026
Italy,ITA,1978,0.3327803909778595
Italy,ITA,1979,0.33262762427330017
Italy,ITA,1980,0.32901591062545776
Italy,ITA,1981,0.3157278299331665
Italy,ITA,1982,0.292324423789978
Italy,ITA,1983,0.29766932129859924
Italy,ITA,1984,0.3133504092693329
Italy,ITA,1986,0.3116379976272583
Italy,ITA,1987,0.34180355072021484
Italy,ITA,1989,0.32107850909233093
Italy,ITA,1991,0.31051331758499146
Italy,ITA,1993,0.350867360830307
Italy,ITA,1995,0.3521178662776947
Italy,ITA,1998,0.36659374833106995
Italy,ITA,2000,0.35249266028404236
Italy,ITA,2002,0.34697234630584717
Italy,ITA,2003,0.34928759932518005
Italy,ITA,2004,0.3429309129714966
Italy,ITA,2005,0.3383101522922516
Italy,ITA,2006,0.33694812655448914
Italy,ITA,2007,0.32888323068618774
Italy,ITA,2008,0.33767786622047424
Italy,ITA,2009,0.3383304476737976
Italy,ITA,2010,0.34716856479644775
Italy,ITA,2011,0.3505309522151947
Italy,ITA,2012,0.3515157401561737
Italy,ITA,2013,0.3490581214427948
Italy,ITA,2014,0.34652501344680786
Italy,ITA,2015,0.35390204191207886
Italy,ITA,2016,0.3523975908756256
Italy,ITA,2017,0.3592233657836914
Italy,ITA,2018,0.35217443108558655
Italy,ITA,2019,0.3458367586135864
Italy,ITA,2020,0.35240980982780457
Italy,ITA,2021,0.3484465181827545
Italy,ITA,2022,0.33651527762413025
Italy,ITA,2023,0.3434462249279022
Jamaica,JAM,1988,0.4315500855445862
Jamaica,JAM,1990,0.41113734245300293
Jamaica,JAM,1993,0.3567342162132263
Jamaica,JAM,1996,0.4039490222930908
Jamaica,JAM,1999,0.4407847225666046
Jamaica,JAM,2002,0.483156681060791
Jamaica,JAM,2004,0.45457473397254944
Jamaica,JAM,2018,0.35333386063575745
Jamaica,JAM,2021,0.39874473214149475
Japan,JPN,2008,0.3460035026073456
Japan,JPN,2009,0.32980555295944214
Japan,JPN,2010,0.31493285298347473
Japan,JPN,2011,0.3297654092311859
Japan,JPN,2012,0.32535320520401
Japan,JPN,2013,0.31534457206726074
Japan,JPN,2014,0.31278368830680847
Japan,JPN,2015,0.30702149868011475
Japan,JPN,2016,0.3184143602848053
Japan,JPN,2017,0.3179309070110321
Japan,JPN,2018,0.3289552927017212
Japan,JPN,2019,0.32985612750053406
Japan,JPN,2020,0.32340070605278015
Jordan,JOR,1986,0.3606142997741699
Jordan,JOR,1992,0.4309958219528198
Jordan,JOR,1997,0.3642052710056305
Jordan,JOR,2002,0.36954617500305176
Jordan,JOR,2006,0.338562548160553
Jordan,JOR,2008,0.3257344961166382
Jordan,JOR,2010,0.3365572988986969
Kazakhstan,KAZ,1993,0.32665735483169556
Kazakhstan,KAZ,1996,0.3537830710411072
Kazakhstan,KAZ,2001,0.3596448600292206
Kazakhstan,KAZ,2002,0.3481113016605377
Kazakhstan,KAZ,2003,0.3369147777557373
Kazakhstan,KAZ,2004,0.31838759779930115
Kazakhstan,KAZ,2005,0.3982597887516022
Kazakhstan,KAZ,2006,0.3024386465549469
Kazakhstan,KAZ,2007,0.3008405566215515
Kazakhstan,KAZ,2008,0.2849644422531128
Kazakhstan,KAZ,2009,0.28208866715431213
Kazakhstan,KAZ,2010,0.2795451283454895
Kazakhstan,KAZ,2011,0.2798384428024292
Kazakhstan,KAZ,2012,0.28168821334838867
Kazakhstan,KAZ,2013,0.2706542909145355
Kazakhstan,KAZ,2014,0.270158588886261
Kazakhstan,KAZ,2015,0.2680366635322571
Kazakhstan,KAZ,2016,0.27225324511528015
Kazakhstan,KAZ,2017,0.2745027542114258
Kazakhstan,KAZ,2018,0.27792873978614807
Kazakhstan,KAZ,2019,0.27968281507492065
Kazakhstan,KAZ,2020,0.28683918714523315
Kazakhstan,KAZ,2021,0.29191532731056213
Kenya,KEN,1992,0.5692623853683472
Kenya,KEN,1994,0.4310474395751953
Kenya,KEN,1997,0.449827641248703
Kenya,KEN,2005,0.4644277095794678
Kenya,KEN,2015,0.4077487885951996
Kenya,KEN,2020,0.36246457695961
Kenya,KEN,2021,0.38701963424682617
Kenya,KEN,2022,0.3853287398815155
Kiribati,KIR,2006,0.36973002552986145
Kiribati,KIR,2019,0.27832701802253723
Kiribati,KIR,2023,0.2473715990781784
Kosovo,OWID_KOS,2017,0.4419405162334442
Kosovo,OWID_KOS,2018,0.44592931866645813
Kosovo,OWID_KOS,2019,0.4020540416240692
Kosovo,OWID_KOS,2020,0.5741402506828308
Kosovo,OWID_KOS,2021,0.49384617805480957
Kosovo,OWID_KOS,2022,0.383056640625
Kyrgyzstan,KGZ,2000,0.31035012006759644
Kyrgyzstan,KGZ,2001,0.3016397953033447
Kyrgyzstan,KGZ,2002,0.3030238747596741
Kyrgyzstan,KGZ,2003,0.28708645701408386
Kyrgyzstan,KGZ,2004,0.3477343022823334
Kyrgyzstan,KGZ,2005,0.32561346888542175
Kyrgyzstan,KGZ,2006,0.37381240725517273
Kyrgyzstan,KGZ,2007,0.33911821246147156
Kyrgyzstan,KGZ,2008,0.31450650095939636
Kyrgyzstan,KGZ,2009,0.298739492893219
Kyrgyzstan,KGZ,2010,0.3013380467891693
Kyrgyzstan,KGZ,2011,0.27839699387550354
Kyrgyzstan,KGZ,2012,0.2735668420791626
Kyrgyzstan,KGZ,2013,0.28814631700515747
Kyrgyzstan,KGZ,2014,0.26819002628326416
Kyrgyzstan,KGZ,2015,0.28997769951820374
Kyrgyzstan,KGZ,2016,0.2678067684173584
Kyrgyzstan,KGZ,2017,0.2733500897884369
Kyrgyzstan,KGZ,2018,0.27690303325653076
Kyrgyzstan,KGZ,2019,0.29700449109077454
Kyrgyzstan,KGZ,2020,0.2898927330970764
Kyrgyzstan,KGZ,2021,0.2879330515861511
Kyrgyzstan,KGZ,2022,0.2635252773761749
Kyrgyzstan,KGZ,2023,0.27188020944595337
Kyrgyzstan,KGZ,2024,0.275456964969635
Laos,LAO,1992,0.3430977463722229
Laos,LAO,1997,0.3489393889904022
Laos,LAO,2002,0.32620108127593994
Laos,LAO,2007,0.3536103367805481
Laos,LAO,2012,0.35963547229766846
Laos,LAO,2018,0.38802433013916016
Laos,LAO,2024,0.34746497869491577
Latvia,LVA,1993,0.2699313163757324
Latvia,LVA,1995,0.30977484583854675
Latvia,LVA,1996,0.31590762734413147
Latvia,LVA,2004,0.3638247847557068
Latvia,LVA,2005,0.3897305428981781
Latvia,LVA,2006,0.35596945881843567
Latvia,LVA,2007,0.374610960483551
Latvia,LVA,2008,0.3721155822277069
Latvia,LVA,2009,0.35945630073547363
Latvia,LVA,2010,0.35030215978622437
Latvia,LVA,2011,0.35772570967674255
Latvia,LVA,2012,0.3523600995540619
Latvia,LVA,2013,0.3549732267856598
Latvia,LVA,2014,0.351136177778244
Latvia,LVA,2015,0.34202468395233154
Latvia,LVA,2016,0.3432884216308594
Latvia,LVA,2017,0.35571014881134033
Latvia,LVA,2018,0.35095706582069397
Latvia,LVA,2019,0.3448910713195801
Latvia,LVA,2020,0.35703951120376587
Latvia,LVA,2021,0.3425582945346832
Latvia,LVA,2022,0.33675846457481384
Latvia,LVA,2023,0.3397468030452728
Lebanon,LBN,2011,0.3183245062828064
Lebanon,LBN,2022,0.35479527711868286
Lesotho,LSO,1986,0.5601141452789307
Lesotho,LSO,1994,0.6300601959228516
Lesotho,LSO,2002,0.5119382739067078
Lesotho,LSO,2017,0.44877612590789795
Liberia,LBR,2007,0.36446577310562134
Liberia,LBR,2014,0.3323788344860077
Liberia,LBR,2016,0.3526543974876404
Lithuania,LTU,1993,0.331837922334671
Lithuania,LTU,2004,0.3701108396053314
Lithuania,LTU,2005,0.35296720266342163
Lithuania,LTU,2006,0.3441445827484131
Lithuania,LTU,2007,0.3478911221027374
Lithuania,LTU,2008,0.3572700321674347
Lithuania,LTU,2009,0.3721846342086792
Lithuania,LTU,2010,0.3360871374607086
Lithuania,LTU,2011,0.32486429810523987
Lithuania,LTU,2012,0.35092300176620483
Lithuania,LTU,2013,0.3530731797218323
Lithuania,LTU,2014,0.37675023078918457
Lithuania,LTU,2015,0.3737030029296875
Lithuania,LTU,2016,0.38385841250419617
Lithuania,LTU,2017,0.37283584475517273
Lithuania,LTU,2018,0.35705330967903137
Lithuania,LTU,2019,0.35251349210739136
Lithuania,LTU,2020,0.35956642031669617
Lithuania,LTU,2021,0.3665640950202942
Lithuania,LTU,2022,0.3656238913536072
Lithuania,LTU,2023,0.3596165180206299
Luxembourg,LUX,1985,0.26294973492622375
Luxembourg,LUX,1986,0.28114157915115356
Luxembourg,LUX,1987,0.2954881489276886
Luxembourg,LUX,1988,0.2883789539337158
Luxembourg,LUX,1989,0.3081167936325073
Luxembourg,LUX,1990,0.2771790623664856
Luxembourg,LUX,1991,0.27176403999328613
Luxembourg,LUX,1992,0.27299773693084717
Luxembourg,LUX,1993,0.2704869210720062
Luxembourg,LUX,1994,0.28151386976242065
Luxembourg,LUX,1995,0.28349825739860535
Luxembourg,LUX,1996,0.290572851896286
Luxembourg,LUX,1997,0.295961856842041
Luxembourg,LUX,1998,0.3062388598918915
Luxembourg,LUX,1999,0.30054527521133423
Luxembourg,LUX,2000,0.30100950598716736
Luxembourg,LUX,2001,0.3092721998691559
Luxembourg,LUX,2002,0.3106507658958435
Luxembourg,LUX,2003,0.30187472701072693
Luxembourg,LUX,2004,0.30172696709632874
Luxembourg,LUX,2005,0.30840808153152466
Luxembourg,LUX,2006,0.3094812035560608
Luxembourg,LUX,2007,0.3113374710083008
Luxembourg,LUX,2008,0.32561543583869934
Luxembourg,LUX,2009,0.311969131231308
Luxembourg,LUX,2010,0.3050437867641449
Luxembourg,LUX,2011,0.3205409049987793
Luxembourg,LUX,2012,0.343471497297287
Luxembourg,LUX,2013,0.32035958766937256
Luxembourg,LUX,2014,0.31158068776130676
Luxembourg,LUX,2015,0.3292146921157837
Luxembourg,LUX,2016,0.3172789514064789
Luxembourg,LUX,2017,0.34515291452407837
Luxembourg,LUX,2018,0.3536786437034607
Luxembourg,LUX,2019,0.3424115478992462
Luxembourg,LUX,2020,0.333736389875412
Luxembourg,LUX,2021,0.3271903395652771
Luxembourg,LUX,2022,0.34093987941741943
Luxembourg,LUX,2023,0.33591464161872864
Madagascar,MDG,1980,0.46848633885383606
Madagascar,MDG,1993,0.45198696851730347
Madagascar,MDG,1997,0.3942808508872986
Madagascar,MDG,1999,0.38580092787742615
Madagascar,MDG,2001,0.47435131669044495
Madagascar,MDG,2005,0.3993634581565857
Madagascar,MDG,2010,0.42413926124572754
Madagascar,MDG,2012,0.426376074552536
Madagascar,MDG,2021,0.3681921064853668
Malawi,MWI,1997,0.6575523018836975
Malawi,MWI,2004,0.39872151613235474
Malawi,MWI,2010,0.45473015308380127
Malawi,MWI,2016,0.446943074464798
Malawi,MWI,2019,0.3854273557662964
Malaysia,MYS,1984,0.48496294021606445
Malaysia,MYS,1987,0.470418244600296
Malaysia,MYS,1989,0.46168482303619385
Malaysia,MYS,1992,0.47653722763061523
Malaysia,MYS,1995,0.4852266311645508
Malaysia,MYS,1997,0.4914964735507965
Malaysia,MYS,2003,0.4641619324684143
Malaysia,MYS,2006,0.4475235044956207
Malaysia,MYS,2008,0.4547971189022064
Malaysia,MYS,2011,0.435524582862854
Malaysia,MYS,2013,0.4134882688522339
Malaysia,MYS,2015,0.41066399216651917
Malaysia,MYS,2018,0.41176775097846985
Malaysia,MYS,2021,0.4066842794418335
Maldives,MDV,2002,0.4131202697753906
Maldives,MDV,2009,0.38372763991355896
Maldives,MDV,2016,0.3128564655780792
Maldives,MDV,2019,0.29285091161727905
Mali,MLI,1994,0.5013055801391602
Mali,MLI,2001,0.39866310358047485
Mali,MLI,2006,0.3892908990383148
Mali,MLI,2009,0.330343633890152
Mali,MLI,2018,0.35963359475135803
Mali,MLI,2021,0.356535941362381
Malta,MLT,2006,0.2801997661590576
Malta,MLT,2007,0.29207733273506165
Malta,MLT,2008,0.2899550795555115
Malta,MLT,2009,0.30244433879852295
Malta,MLT,2010,0.29025760293006897
Malta,MLT,2011,0.2914210557937622
Malta,MLT,2012,0.2936043441295624
Malta,MLT,2013,0.2884366512298584
Malta,MLT,2014,0.2902034521102905
Malta,MLT,2015,0.2943377196788788
Malta,MLT,2016,0.2908901572227478
Malta,MLT,2017,0.2923223674297333
Malta,MLT,2018,0.2866508662700653
Malta,MLT,2019,0.31041765213012695
Malta,MLT,2020,0.3140377998352051
Malta,MLT,2021,0.3156505525112152
Malta,MLT,2022,0.34587275981903076
Malta,MLT,2023,0.31779900193214417
Marshall Islands,MHL,2019,0.35482943058013916
Mauritania,MRT,1987,0.43938305974006653
Mauritania,MRT,1993,0.49524375796318054
Mauritania,MRT,1995,0.3774736225605011
Mauritania,MRT,2000,0.3902847468852997
Mauritania,MRT,2004,0.4016876220703125
Mauritania,MRT,2008,0.35685378313064575
Mauritania,MRT,2014,0.32619351148605347
Mauritania,MRT,2019,0.31996747851371765
Mauritius,MUS,2006,0.3565342128276825
Mauritius,MUS,2012,0.3846539855003357
Mauritius,MUS,2017,0.3676120638847351
Mexico,MEX,1984,0.48527011275291443
Mexico,MEX,1989,0.5010899901390076
Mexico,MEX,1992,0.5231072306632996
Mexico,MEX,1994,0.5342220664024353
Mexico,MEX,1996,0.5197122693061829
Mexico,MEX,1998,0.5328314900398254
Mexico,MEX,2000,0.5340436100959778
Mexico,MEX,2002,0.5058407187461853
Mexico,MEX,2004,0.5034302473068237
Mexico,MEX,2005,0.5093890428543091
Mexico,MEX,2006,0.4971226453781128
Mexico,MEX,2008,0.5084356069564819
Mexico,MEX,2010,0.47657930850982666
Mexico,MEX,2012,0.49597233533859253
Mexico,MEX,2014,0.4891233742237091
Mexico,MEX,2016,0.4691242277622223
Mexico,MEX,2018,0.4595489203929901
Mexico,MEX,2020,0.44594305753707886
Mexico,MEX,2022,0.4345400631427765
Mexico,MEX,2024,0.4262915849685669
Micronesia (country),FSM,2005,0.42355799674987793
Micronesia (country),FSM,2013,0.400520384311676
Micronesia (country) (urban),,2000,0.6307854056358337
Moldova,MDA,1997,0.36942142248153687
Moldova,MDA,1998,0.3951853811740875
Moldova,MDA,1999,0.42623990774154663
Moldova,MDA,2000,0.36424389481544495
Moldova,MDA,2001,0.37988024950027466
Moldova,MDA,2002,0.35845908522605896
Moldova,MDA,2003,0.3490208387374878
Moldova,MDA,2004,0.35029566287994385
Moldova,MDA,2005,0.36280837655067444
Moldova,MDA,2006,0.35399818420410156
Moldova,MDA,2007,0.3442104160785675
Moldova,MDA,2008,0.34692442417144775
Moldova,MDA,2009,0.3291090726852417
Moldova,MDA,2010,0.3205091953277588
Moldova,MDA,2011,0.3062857687473297
Moldova,MDA,2012,0.2915883958339691
Moldova,MDA,2013,0.2853415906429291
Moldova,MDA,2014,0.26833853125572205
Moldova,MDA,2015,0.270281583070755
Moldova,MDA,2016,0.263453871011734
Moldova,MDA,2017,0.25899243354797363
Moldova,MDA,2018,0.256616473197937
Moldova,MDA,2019,0.2601664662361145
Moldova,MDA,2020,0.2504570484161377
Moldova,MDA,2021,0.25731638073921204
Moldova,MDA,2022,0.2586444616317749
Moldova,MDA,2023,0.26764753460884094
Moldova,MDA,2024,0.26791852712631226
Mongolia,MNG,1995,0.33195340633392334
Mongolia,MNG,1998,0.3027196228504181
Mongolia,MNG,2002,0.32892948389053345
Mongolia,MNG,2007,0.3582186996936798
Mongolia,MNG,2010,0.33081212639808655
Mongolia,MNG,2011,0.33883506059646606
Mongolia,MNG,2012,0.3375161588191986
Mongolia,MNG,2014,0.3203778862953186
Mongolia,MNG,2016,0.3234573304653168
Mongolia,MNG,2018,0.32740989327430725
Mongolia,MNG,2022,0.31416475772857666
Montenegro,MNE,2012,0.4120616912841797
Montenegro,MNE,2013,0.39021727442741394
Montenegro,MNE,2014,0.3876928687095642
Montenegro,MNE,2015,0.39005032181739807
Montenegro,MNE,2016,0.38466501235961914
Montenegro,MNE,2017,0.36880922317504883
Montenegro,MNE,2018,0.36808958649635315
Montenegro,MNE,2019,0.35665395855903625
Montenegro,MNE,2020,0.35412296652793884
Montenegro,MNE,2021,0.34296974539756775
Morocco,MAR,1984,0.36468908190727234
Morocco,MAR,1990,0.3920690417289734
Morocco,MAR,1998,0.3935391306877136
Morocco,MAR,2000,0.4063694179058075
Morocco,MAR,2006,0.4071830213069916
Morocco,MAR,2013,0.3954850733280182
Mozambique,MOZ,1996,0.5326277613639832
Mozambique,MOZ,2002,0.46948155760765076
Mozambique,MOZ,2008,0.45482999086380005
Mozambique,MOZ,2014,0.5395342707633972
Mozambique,MOZ,2019,0.5073723196983337
Mozambique,MOZ,2022,0.4955713450908661
Myanmar,MMR,2015,0.38068509101867676
Myanmar,MMR,2017,0.30696868896484375
Namibia,NAM,1993,0.710505485534668
Namibia,NAM,2003,0.6331697106361389
Namibia,NAM,2009,0.6096469759941101
Namibia,NAM,2015,0.5906661152839661
Nauru,NRU,2012,0.32361578941345215
Nepal,NPL,1984,0.3005754053592682
Nepal,NPL,1995,0.3520701825618744
Nepal,NPL,2003,0.43768104910850525
Nepal,NPL,2010,0.32840585708618164
Nepal,NPL,2022,0.3002026379108429
Netherlands,NLD,1983,0.28363192081451416
Netherlands,NLD,1987,0.26769837737083435
Netherlands,NLD,1990,0.3108835220336914
Netherlands,NLD,1993,0.30431193113327026
Netherlands,NLD,1999,0.28063446283340454
Netherlands,NLD,2004,0.2980000972747803
Netherlands,NLD,2005,0.2904823124408722
Netherlands,NLD,2006,0.30043327808380127
Netherlands,NLD,2007,0.2959277927875519
Netherlands,NLD,2008,0.2929801344871521
Netherlands,NLD,2009,0.2788199782371521
Netherlands,NLD,2010,0.27845239639282227
Netherlands,NLD,2011,0.27750086784362793
Netherlands,NLD,2012,0.27620929479599
Netherlands,NLD,2013,0.28106480836868286
Netherlands,NLD,2014,0.2863141894340515
Netherlands,NLD,2015,0.28241580724716187
Netherlands,NLD,2016,0.28173568844795227
Netherlands,NLD,2017,0.2853580713272095
Netherlands,NLD,2018,0.28121039271354675
Netherlands,NLD,2019,0.29248327016830444
Netherlands,NLD,2020,0.25994211435317993
Netherlands,NLD,2021,0.25743868947029114
Nicaragua,NIC,1993,0.5712127685546875
Nicaragua,NIC,1998,0.5437584519386292
Nicaragua,NIC,2001,0.5287476778030396
Nicaragua,NIC,2005,0.4882003664970398
Nicaragua,NIC,2009,0.4394162595272064
Nicaragua,NIC,2014,0.4615629315376282
Niger,NER,1992,0.3604249060153961
Niger,NER,1994,0.41460487246513367
Niger,NER,2005,0.44387316703796387
Niger,NER,2007,0.3730420470237732
Niger,NER,2011,0.31451714038848877
Niger,NER,2014,0.342765748500824
Niger,NER,2018,0.3725942373275757
Niger,NER,2021,0.3286256492137909
Nigeria,NGA,1985,0.38677850365638733
Nigeria,NGA,1992,0.44922247529029846
Nigeria,NGA,1996,0.518993616104126
Nigeria,NGA,2003,0.4006081819534302
Nigeria,NGA,2010,0.35650208592414856
Nigeria,NGA,2012,0.35513007640838623
Nigeria,NGA,2015,0.3587977886199951
Nigeria,NGA,2018,0.3512774407863617
Nigeria,NGA,2022,0.33894869685173035
North Macedonia,MKD,2009,0.4276077151298523
North Macedonia,MKD,2010,0.40065547823905945
North Macedonia,MKD,2011,0.3936067521572113
North Macedonia,MKD,2012,0.3813239634037018
North Macedonia,MKD,2013,0.3623913824558258
North Macedonia,MKD,2014,0.3520165979862213
North Macedonia,MKD,2015,0.3559069335460663
North Macedonia,MKD,2016,0.3453451991081238
North Macedonia,MKD,2017,0.34198907017707825
North Macedonia,MKD,2018,0.3296046853065491
North Macedonia,MKD,2019,0.3350583016872406
Norway,NOR,1979,0.26894664764404297
Norway,NOR,1986,0.24630331993103027
Norway,NOR,1991,0.2522694766521454
Norway,NOR,1995,0.2602081298828125
Norway,NOR,2000,0.27360138297080994
Norway,NOR,2003,0.27626901865005493
Norway,NOR,2004,0.3157806992530823
Norway,NOR,2005,0.30597028136253357
Norway,NOR,2006,0.2635383903980255
Norway,NOR,2007,0.2709064781665802
Norway,NOR,2008,0.26996344327926636
Norway,NOR,2009,0.26158228516578674
Norway,NOR,2010,0.2572370767593384
Norway,NOR,2011,0.25300168991088867
Norway,NOR,2012,0.25725996494293213
Norway,NOR,2013,0.2636111080646515
Norway,NOR,2014,0.2675256133079529
Norway,NOR,2015,0.2749675512313843
Norway,NOR,2016,0.2849334180355072
Norway,NOR,2017,0.2698674499988556
Norway,NOR,2018,0.27560243010520935
Norway,NOR,2019,0.27741843461990356
Norway,NOR,2020,0.28392884135246277
Norway,NOR,2021,0.29089125990867615
Norway,NOR,2022,0.269462525844574
Norway,NOR,2023,0.26530811190605164
Pakistan,PAK,1987,0.3331645727157593
Pakistan,PAK,1990,0.3324797451496124
Pakistan,PAK,1996,0.2866498827934265
Pakistan,PAK,1998,0.3312329351902008
Pakistan,PAK,2001,0.28653019666671753
Pakistan,PAK,2004,0.3088610768318176
Pakistan,PAK,2005,0.31261253356933594
Pakistan,PAK,2007,0.2966950237751007
Pakistan,PAK,2010,0.2878086268901825
Pakistan,PAK,2011,0.2969795763492584
Pakistan,PAK,2013,0.29528573155403137
Pakistan,PAK,2015,0.3129126727581024
Pakistan,PAK,2018,0.2958926558494568
Pakistan,PAK,2024,0.3353632092475891
Palestine,PSE,2004,0.3404465913772583
Palestine,PSE,2005,0.34742623567581177
Palestine,PSE,2006,0.3395928144454956
Palestine,PSE,2007,0.35606077313423157
Palestine,PSE,2009,0.34463974833488464
Palestine,PSE,2010,0.3529443144798279
Palestine,PSE,2011,0.3441523611545563
Palestine,PSE,2016,0.33690041303634644
Palestine,PSE,2023,0.3638187646865845
Panama,PAN,1979,0.48740142583847046
Panama,PAN,1989,0.5854873061180115
Panama,PAN,1991,0.5797843933105469
Panama,PAN,1995,0.5762895345687866
Panama,PAN,1997,0.5811877250671387
Panama,PAN,1998,0.5733296275138855
Panama,PAN,1999,0.5632699728012085
Panama,PAN,2000,0.565790593624115
Panama,PAN,2001,0.5669551491737366
Panama,PAN,2002,0.5608869791030884
Panama,PAN,2003,0.5564636588096619
Panama,PAN,2004,0.5477020740509033
Panama,PAN,2005,0.5379738211631775
Panama,PAN,2006,0.5463358759880066
Panama,PAN,2007,0.5268421769142151
Panama,PAN,2008,0.5269296169281006
Panama,PAN,2009,0.5177022218704224
Panama,PAN,2010,0.5160857439041138
Panama,PAN,2011,0.5134671926498413
Panama,PAN,2012,0.5173878073692322
Panama,PAN,2013,0.5145573616027832
Panama,PAN,2014,0.5046523809432983
Panama,PAN,2015,0.5080543160438538
Panama,PAN,2016,0.5040669441223145
Panama,PAN,2017,0.4988425076007843
Panama,PAN,2018,0.49211323261260986
Panama,PAN,2019,0.4983735978603363
Panama,PAN,2021,0.5085777640342712
Panama,PAN,2023,0.4887566566467285
Panama,PAN,2024,0.49733543395996094
Papua New Guinea,PNG,1996,0.45765262842178345
Papua New Guinea,PNG,2009,0.41850408911705017
Paraguay,PRY,1990,0.408372163772583
Paraguay,PRY,1995,0.5813904404640198
Paraguay,PRY,1997,0.5488789081573486
Paraguay,PRY,1999,0.545707643032074
Paraguay,PRY,2001,0.5462630987167358
Paraguay,PRY,2002,0.5727429986000061
Paraguay,PRY,2003,0.5493751168251038
Paraguay,PRY,2004,0.5226007103919983
Paraguay,PRY,2005,0.5138111710548401
Paraguay,PRY,2006,0.5299407839775085
Paraguay,PRY,2007,0.5304040908813477
Paraguay,PRY,2008,0.5070464611053467
Paraguay,PRY,2009,0.49145078659057617
Paraguay,PRY,2010,0.5098243951797485
Paraguay,PRY,2011,0.5230962634086609
Paraguay,PRY,2012,0.47633564472198486
Paraguay,PRY,2013,0.47935357689857483
Paraguay,PRY,2014,0.5070264339447021
Paraguay,PRY,2015,0.4760573208332062
Paraguay,PRY,2016,0.4789971709251404
Paraguay,PRY,2017,0.48547491431236267
Paraguay,PRY,2018,0.45955100655555725
Paraguay,PRY,2019,0.4565063714981079
Paraguay,PRY,2020,0.43481943011283875
Paraguay,PRY,2021,0.4290512204170227
Paraguay,PRY,2022,0.44591671228408813
Paraguay,PRY,2023,0.4417574405670166
Paraguay,PRY,2024,0.4424533545970917
Peru,PER,1997,0.5325629115104675
Peru,PER,1998,0.5511713624000549
Peru,PER,1999,0.5482069253921509
Peru,PER,2000,0.4907185435295105
Peru,PER,2001,0.5130155086517334
Peru,PER,2002,0.5356355309486389
Peru,PER,2003,0.5307956337928772
Peru,PER,2004,0.4987955689430237
Peru,PER,2005,0.5044900178909302
Peru,PER,2006,0.5033209323883057
Peru,PER,2007,0.5002136826515198
Peru,PER,2008,0.474863737821579
Peru,PER,2009,0.4700601100921631
Peru,PER,2010,0.4553765058517456
Peru,PER,2011,0.4465974271297455
Peru,PER,2012,0.4444001615047455
Peru,PER,2013,0.43882715702056885
Peru,PER,2014,0.43138808012008667
Peru,PER,2015,0.4335605502128601
Peru,PER,2016,0.4363897144794464
Peru,PER,2017,0.43292665481567383
Peru,PER,2018,0.42365559935569763
Peru,PER,2019,0.41528117656707764
Peru,PER,2020,0.43739810585975647
Peru,PER,2021,0.4012180268764496
Peru,PER,2022,0.4034915864467621
Peru,PER,2023,0.40657839179039
Peru,PER,2024,0.4012586176395416
Philippines,PHL,1985,0.41037434339523315
Philippines,PHL,1988,0.4074626863002777
Philippines,PHL,1991,0.43823549151420593
Philippines,PHL,1994,0.4288838803768158
Philippines,PHL,1997,0.4596220850944519
Philippines,PHL,2000,0.4279947280883789
Philippines,PHL,2003,0.414946585893631
Philippines,PHL,2006,0.4285883903503418
Philippines,PHL,2009,0.41760337352752686
Philippines,PHL,2012,0.42224329710006714
Philippines,PHL,2015,0.4035149812698364
Philippines,PHL,2018,0.37811705470085144
Philippines,PHL,2021,0.37268465757369995
Philippines,PHL,2023,0.35203486680984497
Poland,POL,1985,0.25083962082862854
Poland,POL,1986,0.2798512876033783
Poland,POL,1987,0.25525128841400146
Poland,POL,1989,0.2679421305656433
Poland,POL,1992,0.2929956316947937
Poland,POL,1995,0.3460090160369873
Poland,POL,1999,0.32257866859436035
Poland,POL,2004,0.3802178204059601
Poland,POL,2005,0.3580838441848755
Poland,POL,2006,0.34667545557022095
Poland,POL,2007,0.3400128483772278
Poland,POL,2008,0.3348563313484192
Poland,POL,2009,0.33355721831321716
Poland,POL,2010,0.33214810490608215
Poland,POL,2011,0.3318064510822296
Poland,POL,2012,0.3302015960216522
Poland,POL,2013,0.3313732147216797
Poland,POL,2014,0.3282444477081299
Poland,POL,2015,0.31750911474227905
Poland,POL,2016,0.31189167499542236
Poland,POL,2017,0.296852707862854
Poland,POL,2018,0.3021489977836609
Poland,POL,2019,0.2876017689704895
Poland,POL,2020,0.2846260070800781
Poland,POL,2021,0.28479504585266113
Poland,POL,2022,0.28858184814453125
Poland,POL,2023,0.28466787934303284
Portugal,PRT,2003,0.3877500593662262
Portugal,PRT,2004,0.38938775658607483
Portugal,PRT,2005,0.3848007321357727
Portugal,PRT,2006,0.38060781359672546
Portugal,PRT,2007,0.367501825094223
Portugal,PRT,2008,0.3663415014743805
Portugal,PRT,2009,0.3490741550922394
Portugal,PRT,2010,0.35844671726226807
Portugal,PRT,2011,0.36344677209854126
Portugal,PRT,2012,0.3603479266166687
Portugal,PRT,2013,0.36187103390693665
Portugal,PRT,2014,0.35562172532081604
Portugal,PRT,2015,0.35523301362991333
Portugal,PRT,2016,0.3519051969051361
Portugal,PRT,2017,0.3380384147167206
Portugal,PRT,2018,0.3349256217479706
Portugal,PRT,2019,0.3276274800300598
Portugal,PRT,2020,0.34668630361557007
Portugal,PRT,2021,0.3459201753139496
Portugal,PRT,2022,0.36252203583717346
Portugal,PRT,2023,0.33851566910743713
Qatar,QAT,2017,0.35128384828567505
Romania,ROU,1989,0.23307304084300995
Romania,ROU,1992,0.25461727380752563
Romania,ROU,1994,0.28200581669807434
Romania,ROU,1995,0.3116084337234497
Romania,ROU,1997,0.3050598204135895
Romania,ROU,2006,0.39640820026397705
Romania,ROU,2007,0.375477135181427
Romania,ROU,2008,0.3642873466014862
Romania,ROU,2009,0.3556433618068695
Romania,ROU,2010,0.35471105575561523
Romania,ROU,2011,0.35866692662239075
Romania,ROU,2012,0.36545470356941223
Romania,ROU,2013,0.36915120482444763
Romania,ROU,2014,0.36009106040000916
Romania,ROU,2015,0.35913631319999695
Romania,ROU,2016,0.34406667947769165
Romania,ROU,2017,0.360126256942749
Romania,ROU,2018,0.3575841188430786
Romania,ROU,2019,0.34800538420677185
Romania,ROU,2020,0.34570205211639404
Romania,ROU,2021,0.33852648735046387
Romania,ROU,2022,0.32303035259246826
Romania,ROU,2023,0.2982894480228424
Russia,RUS,1993,0.4538547694683075
Russia,RUS,1996,0.46098628640174866
Russia,RUS,1997,0.3840920031070709
Russia,RUS,1998,0.38137003779411316
Russia,RUS,1999,0.37443387508392334
Russia,RUS,2000,0.3709274232387543
Russia,RUS,2001,0.3692498505115509
Russia,RUS,2002,0.37283769249916077
Russia,RUS,2003,0.39971548318862915
Russia,RUS,2004,0.4031583070755005
Russia,RUS,2005,0.4126559793949127
Russia,RUS,2006,0.4095093905925751
Russia,RUS,2007,0.42272472381591797
Russia,RUS,2008,0.41568583250045776
Russia,RUS,2009,0.39845600724220276
Russia,RUS,2010,0.39548978209495544
Russia,RUS,2011,0.3974931538105011
Russia,RUS,2012,0.4071482717990875
Russia,RUS,2013,0.4088442325592041
Russia,RUS,2014,0.3988122045993805
Russia,RUS,2015,0.37710538506507874
Russia,RUS,2016,0.3684850037097931
Russia,RUS,2017,0.3723907172679901
Russia,RUS,2018,0.37473005056381226
Russia,RUS,2019,0.37736862897872925
Russia,RUS,2020,0.3606824278831482
Rwanda,RWA,2000,0.48520252108573914
Rwanda,RWA,2005,0.520211398601532
Rwanda,RWA,2010,0.4722191393375397
Rwanda,RWA,2013,0.4511156678199768
Rwanda,RWA,2016,0.43709510564804077
Rwanda,RWA,2023,0.3936444818973541
Rwanda (rural),,1984,0.288985937833786
Saint Lucia,LCA,1995,0.4258438050746918
Saint Lucia,LCA,2015,0.5122506618499756
Samoa,WSM,2002,0.4073551893234253
Samoa,WSM,2008,0.42046549916267395
Samoa,WSM,2013,0.38743454217910767
Sao Tome and Principe,STP,2000,0.32125893235206604
Sao Tome and Principe,STP,2010,0.3082126975059509
Sao Tome and Principe,STP,2017,0.4072948098182678
Senegal,SEN,1991,0.540419340133667
Senegal,SEN,1994,0.3924519717693329
Senegal,SEN,2001,0.4122943580150604
Senegal,SEN,2005,0.39212894439697266
Senegal,SEN,2011,0.4027436077594757
Senegal,SEN,2018,0.38314783573150635
Senegal,SEN,2021,0.36157721281051636
Serbia,SRB,2012,0.3988659977912903
Serbia,SRB,2013,0.3944474756717682
Serbia,SRB,2014,0.4043598473072052
Serbia,SRB,2015,0.40460243821144104
Serbia,SRB,2016,0.387736439704895
Serbia,SRB,2017,0.36104488372802734
Serbia,SRB,2018,0.35002946853637695
Serbia,SRB,2019,0.344751238822937
Serbia,SRB,2020,0.34950870275497437
Serbia,SRB,2021,0.33128881454467773
Serbia,SRB,2022,0.3280288875102997
Serbia,SRB,2023,0.3281523287296295
Seychelles,SYC,1999,0.42776691913604736
Seychelles,SYC,2006,0.42767617106437683
Seychelles,SYC,2013,0.4682198166847229
Seychelles,SYC,2018,0.3212532103061676
Sierra Leone,SLE,2003,0.4016745388507843
Sierra Leone,SLE,2011,0.3403017818927765
Sierra Leone,SLE,2018,0.35690176486968994
Slovakia,SVK,1992,0.20187310874462128
Slovakia,SVK,1996,0.2627639174461365
Slovakia,SVK,2004,0.27076780796051025
Slovakia,SVK,2005,0.2929649353027344
Slovakia,SVK,2006,0.25797039270401
Slovakia,SVK,2007,0.24664714932441711
Slovakia,SVK,2008,0.26024991273880005
Slovakia,SVK,2009,0.272309809923172
Slovakia,SVK,2010,0.2731572091579437
Slovakia,SVK,2011,0.2653827965259552
Slovakia,SVK,2012,0.2611581087112427
Slovakia,SVK,2013,0.2808615267276764
Slovakia,SVK,2014,0.26103442907333374
Slovakia,SVK,2015,0.26491236686706543
Slovakia,SVK,2016,0.25154969096183777
Slovakia,SVK,2017,0.2323736548423767
Slovakia,SVK,2018,0.24970018863677979
Slovakia,SVK,2019,0.23232324421405792
Slovakia,SVK,2020,0.2421942502260208
Slovakia,SVK,2021,0.2411022037267685
Slovakia,SVK,2022,0.2407892644405365
Slovakia,SVK,2023,0.23817715048789978
Slovenia,SVN,1987,0.2359836995601654
Slovenia,SVN,1993,0.29117780923843384
Slovenia,SVN,1997,0.24121879041194916
Slovenia,SVN,1999,0.2404342144727707
Slovenia,SVN,2004,0.24790732562541962
Slovenia,SVN,2005,0.24634741246700287
Slovenia,SVN,2006,0.243639275431633
Slovenia,SVN,2007,0.24354752898216248
Slovenia,SVN,2008,0.2371801882982254
Slovenia,SVN,2009,0.2478773593902588
Slovenia,SVN,2010,0.24933259189128876
Slovenia,SVN,2011,0.24868033826351166
Slovenia,SVN,2012,0.2558550238609314
Slovenia,SVN,2013,0.26241105794906616
Slovenia,SVN,2014,0.256575345993042
Slovenia,SVN,2015,0.25408464670181274
Slovenia,SVN,2016,0.24757936596870422
Slovenia,SVN,2017,0.2421930730342865
Slovenia,SVN,2018,0.24633364379405975
Slovenia,SVN,2019,0.24384231865406036
Slovenia,SVN,2020,0.2403152883052826
Slovenia,SVN,2021,0.2428227961063385
Slovenia,SVN,2022,0.24305064976215363
Slovenia,SVN,2023,0.24681958556175232
Solomon Islands,SLB,2005,0.46087634563446045
Solomon Islands,SLB,2012,0.3705492615699768
South Africa,ZAF,1993,0.5933393836021423
South Africa,ZAF,2000,0.5776966214179993
South Africa,ZAF,2005,0.650010347366333
South Africa,ZAF,2008,0.6251803040504456
South Africa,ZAF,2010,0.6087313890457153
South Africa,ZAF,2014,0.5963907837867737
South Africa,ZAF,2022,0.5405394434928894
South Korea,KOR,2006,0.3170364499092102
South Korea,KOR,2008,0.3232559859752655
South Korea,KOR,2010,0.3202190101146698
South Korea,KOR,2012,0.3155885934829712
South Korea,KOR,2014,0.3119357228279114
South Korea,KOR,2016,0.35223618149757385
South Korea,KOR,2017,0.34855952858924866
South Korea,KOR,2018,0.33726051449775696
South Korea,KOR,2019,0.3319763243198395
South Korea,KOR,2020,0.3270993232727051
South Korea,KOR,2021,0.3290764093399048
South Sudan,SSD,2009,0.46315738558769226
South Sudan,SSD,2016,0.44047811627388
Spain,ESP,1980,0.34485122561454773
Spain,ESP,1985,0.3443298935890198
Spain,ESP,1990,0.3202354311943054
Spain,ESP,1993,0.3565925359725952
Spain,ESP,1994,0.351047545671463
Spain,ESP,1995,0.35727888345718384
Spain,ESP,1996,0.3646515905857086
Spain,ESP,1997,0.35325005650520325
Spain,ESP,1998,0.3458084762096405
Spain,ESP,1999,0.33793309330940247
Spain,ESP,2000,0.3413046896457672
Spain,ESP,2003,0.3180093765258789
Spain,ESP,2004,0.3330196142196655
Spain,ESP,2005,0.3243177533149719
Spain,ESP,2006,0.33541154861450195
Spain,ESP,2007,0.34137409925460815
Spain,ESP,2008,0.3422040045261383
Spain,ESP,2009,0.34924083948135376
Spain,ESP,2010,0.3524448275566101
Spain,ESP,2011,0.35693973302841187
Spain,ESP,2012,0.3540365993976593
Spain,ESP,2013,0.36181896924972534
Spain,ESP,2014,0.3605230748653412
Spain,ESP,2015,0.36178335547447205
Spain,ESP,2016,0.35757091641426086
Spain,ESP,2017,0.3465125560760498
Spain,ESP,2018,0.34716325998306274
Spain,ESP,2019,0.34303712844848633
Spain,ESP,2020,0.3486364185810089
Spain,ESP,2021,0.33885911107063293
Spain,ESP,2022,0.33579421043395996
Spain,ESP,2023,0.3340793550014496
Sri Lanka,LKA,1985,0.32467854022979736
Sri Lanka,LKA,1990,0.3244743347167969
Sri Lanka,LKA,1995,0.3539953827857971
Sri Lanka,LKA,2002,0.4017190635204315
Sri Lanka,LKA,2006,0.3966901898384094
Sri Lanka,LKA,2009,0.36054152250289917
Sri Lanka,LKA,2012,0.3871360719203949
Sri Lanka,LKA,2016,0.3934577405452728
Sri Lanka,LKA,2019,0.3766377568244934
Sudan,SDN,2009,0.35395336151123047
Sudan,SDN,2014,0.34242942929267883
Suriname,SUR,2022,0.3917989730834961
Suriname (urban),,1999,0.5753989219665527
Sweden,SWE,1975,0.2428371012210846
Sweden,SWE,1981,0.22922419011592865
Sweden,SWE,1987,0.23058602213859558
Sweden,SWE,1992,0.2490941286087036
Sweden,SWE,1995,0.2523728311061859
Sweden,SWE,2000,0.26961851119995117
Sweden,SWE,2001,0.2654643654823303
Sweden,SWE,2002,0.2621794044971466
Sweden,SWE,2003,0.25268518924713135
Sweden,SWE,2004,0.26140111684799194
Sweden,SWE,2005,0.26821017265319824
Sweden,SWE,2006,0.2635122835636139
Sweden,SWE,2007,0.27114138007164
Sweden,SWE,2008,0.2811915874481201
Sweden,SWE,2009,0.27339842915534973
Sweden,SWE,2010,0.2773614823818207
Sweden,SWE,2011,0.2760522961616516
Sweden,SWE,2012,0.2764386534690857
Sweden,SWE,2013,0.28822746872901917
Sweden,SWE,2014,0.2838863730430603
Sweden,SWE,2015,0.2920967936515808
Sweden,SWE,2016,0.2956119775772095
Sweden,SWE,2017,0.2877413332462311
Sweden,SWE,2018,0.2997155487537384
Sweden,SWE,2019,0.29304632544517517
Sweden,SWE,2020,0.2887060344219208
Sweden,SWE,2021,0.2976534366607666
Sweden,SWE,2022,0.3160836100578308
Sweden,SWE,2023,0.29278329014778137
Switzerland,CHE,1982,0.36008158326148987
Switzerland,CHE,1992,0.33857250213623047
Switzerland,CHE,2000,0.3343384861946106
Switzerland,CHE,2002,0.31687650084495544
Switzerland,CHE,2004,0.3156569302082062
Switzerland,CHE,2006,0.3391880691051483
Switzerland,CHE,2007,0.34255534410476685
Switzerland,CHE,2008,0.3379470109939575
Switzerland,CHE,2009,0.3285585641860962
Switzerland,CHE,2010,0.3255302906036377
Switzerland,CHE,2011,0.3171361982822418
Switzerland,CHE,2012,0.31567126512527466
Switzerland,CHE,2013,0.32462188601493835
Switzerland,CHE,2014,0.3252565860748291
Switzerland,CHE,2015,0.32306957244873047
Switzerland,CHE,2016,0.3304245173931122
Switzerland,CHE,2017,0.3267633318901062
Switzerland,CHE,2018,0.33141040802001953
Switzerland,CHE,2019,0.33998340368270874
Switzerland,CHE,2020,0.3373792767524719
Switzerland,CHE,2021,0.33824312686920166
Switzerland,CHE,2022,0.33795177936553955
Switzerland,CHE,2023,0.33458980917930603
Syria,SYR,1996,0.3516938090324402
Syria,SYR,2003,0.3751460313796997
Syria,SYR,2006,0.4014725089073181
Syria,SYR,2009,0.40394777059555054
Syria,SYR,2022,0.2637496292591095
Taiwan,TWN,1981,0.2997032701969147
Taiwan,TWN,1986,0.29709458351135254
Taiwan,TWN,1991,0.2996939718723297
Taiwan,TWN,1995,0.31324267387390137
Taiwan,TWN,1997,0.30823060870170593
Taiwan,TWN,2000,0.3111233115196228
Taiwan,TWN,2005,0.3218076527118683
Taiwan,TWN,2007,0.3212537169456482
Taiwan,TWN,2010,0.3321729898452759
Taiwan,TWN,2013,0.3247661292552948
Taiwan,TWN,2016,0.3144975006580353
Taiwan,TWN,2017,0.31756019592285156
Taiwan,TWN,2018,0.316352903842926
Taiwan,TWN,2019,0.3119300305843353
Taiwan,TWN,2020,0.31232452392578125
Taiwan,TWN,2021,0.3156758248806
Tajikistan,TJK,1999,0.2953243553638458
Tajikistan,TJK,2003,0.327194482088089
Tajikistan,TJK,2004,0.33601948618888855
Tajikistan,TJK,2007,0.32180318236351013
Tajikistan,TJK,2009,0.30774953961372375
Tajikistan,TJK,2015,0.3399553596973419
Tajikistan,TJK,2021,0.323790967464447
Tajikistan,TJK,2022,0.39492398500442505
Tajikistan,TJK,2023,0.38034558296203613
Tajikistan,TJK,2024,0.36108002066612244
Tanzania,TZA,1991,0.35280752182006836
Tanzania,TZA,2000,0.372819721698761
Tanzania,TZA,2007,0.4027777910232544
Tanzania,TZA,2011,0.37783148884773254
Tanzania,TZA,2018,0.4049122929573059
Thailand,THA,1981,0.45216819643974304
Thailand,THA,1988,0.438385933637619
Thailand,THA,1990,0.45265647768974304
Thailand,THA,1992,0.478579580783844
Thailand,THA,1994,0.4347021281719208
Thailand,THA,1996,0.42904922366142273
Thailand,THA,1998,0.41455793380737305
Thailand,THA,1999,0.43091586232185364
Thailand,THA,2000,0.4283366799354553
Thailand,THA,2002,0.4194449484348297
Thailand,THA,2004,0.4254031181335449
Thailand,THA,2006,0.4181903302669525
Thailand,THA,2007,0.3976151645183563
Thailand,THA,2008,0.40288272500038147
Thailand,THA,2009,0.39601263403892517
Thailand,THA,2010,0.3940277099609375
Thailand,THA,2011,0.37459033727645874
Thailand,THA,2012,0.3925666809082031
Thailand,THA,2013,0.3784710764884949
Thailand,THA,2014,0.3703266382217407
Thailand,THA,2015,0.35987332463264465
Thailand,THA,2016,0.3669142425060272
Thailand,THA,2017,0.36382803320884705
Thailand,THA,2018,0.3641217350959778
Thailand,THA,2019,0.3485572338104248
Thailand,THA,2020,0.3498581647872925
Thailand,THA,2021,0.34923872351646423
Thailand,THA,2022,0.34297075867652893
Thailand,THA,2023,0.33494889736175537
Thailand,THA,2024,0.3331878185272217
Togo,TGO,2006,0.42212235927581787
Togo,TGO,2011,0.46014833450317383
Togo,TGO,2015,0.43028557300567627
Togo,TGO,2018,0.4253423810005188
Togo,TGO,2021,0.3785800635814667
Tonga,TON,2000,0.3769017457962036
Tonga,TON,2009,0.3749648928642273
Tonga,TON,2015,0.3352130353450775
Tonga,TON,2021,0.2709576487541199
Trinidad and Tobago,TTO,1988,0.42601311206817627
Trinidad and Tobago,TTO,1992,0.4018545150756836
Tunisia,TUN,1985,0.4343375861644745
Tunisia,TUN,1990,0.40102237462997437
Tunisia,TUN,1995,0.4165729582309723
Tunisia,TUN,2000,0.40809476375579834
Tunisia,TUN,2005,0.3773338198661804
Tunisia,TUN,2010,0.3846648633480072
Tunisia,TUN,2015,0.32815882563591003
Tunisia,TUN,2021,0.3371642529964447
Turkey,TUR,1987,0.4103412926197052
Turkey,TUR,1994,0.4131520092487335
Turkey,TUR,2002,0.41396376490592957
Turkey,TUR,2003,0.42184337973594666
Turkey,TUR,2004,0.41287508606910706
Turkey,TUR,2005,0.42614656686782837
Turkey,TUR,2006,0.39647412300109863
Turkey,TUR,2007,0.3844279944896698
Turkey,TUR,2008,0.39020541310310364
Turkey,TUR,2009,0.3896530866622925
Turkey,TUR,2010,0.3878507912158966
Turkey,TUR,2011,0.400393545627594
Turkey,TUR,2012,0.4016893804073334
Turkey,TUR,2013,0.4017849862575531
Turkey,TUR,2014,0.4123656153678894
Turkey,TUR,2015,0.4285445809364319
Turkey,TUR,2016,0.4187370538711548
Turkey,TUR,2017,0.4353172481060028
Turkey,TUR,2018,0.4244142472743988
Turkey,TUR,2019,0.4383380115032196
Turkey,TUR,2020,0.43045011162757874
Turkey,TUR,2021,0.4436482787132263
Turkey,TUR,2022,0.4446767568588257
Turkey,TUR,2023,0.43675822019577026
Turkmenistan,TKM,1998,0.40806928277015686
Tuvalu,TUV,2010,0.391390323638916
Uganda,UGA,1989,0.44362717866897583
Uganda,UGA,1992,0.41420978307724
Uganda,UGA,1996,0.39042341709136963
Uganda,UGA,1999,0.4299197196960449
Uganda,UGA,2002,0.45167553424835205
Uganda,UGA,2005,0.42944133281707764
Uganda,UGA,2009,0.44189682602882385
Uganda,UGA,2012,0.41009339690208435
Uganda,UGA,2016,0.4275335967540741
Uganda,UGA,2019,0.4270217716693878
Uganda,UGA,2023,0.38152605295181274
Ukraine,UKR,1992,0.2970883250236511
Ukraine,UKR,1993,0.2892698347568512
Ukraine,UKR,1995,0.39231017231941223
Ukraine,UKR,1996,0.35153478384017944
Ukraine,UKR,2002,0.29045695066452026
Ukraine,UKR,2003,0.2866489291191101
Ukraine,UKR,2004,0.28934016823768616
Ukraine,UKR,2005,0.2902071475982666
Ukraine,UKR,2006,0.29794391989707947
Ukraine,UKR,2007,0.2701268792152405
Ukraine,UKR,2008,0.2663823068141937
Ukraine,UKR,2009,0.25316664576530457
Ukraine,UKR,2010,0.2481897622346878
Ukraine,UKR,2011,0.24551843106746674
Ukraine,UKR,2012,0.24740657210350037
Ukraine,UKR,2013,0.24554985761642456
Ukraine,UKR,2014,0.24025365710258484
Ukraine,UKR,2015,0.2545754015445709
Ukraine,UKR,2016,0.2500220239162445
Ukraine,UKR,2017,0.2604904770851135
Ukraine,UKR,2018,0.2607148587703705
Ukraine,UKR,2019,0.2661946713924408
Ukraine,UKR,2020,0.25627362728118896
United Arab Emirates,ARE,2013,0.3251042068004608
United Arab Emirates,ARE,2018,0.26399004459381104
United Kingdom,GBR,1968,0.26842719316482544
United Kingdom,GBR,1969,0.27906060218811035
United Kingdom,GBR,1970,0.27965256571769714
United Kingdom,GBR,1971,0.2929450571537018
United Kingdom,GBR,1972,0.287769079208374
United Kingdom,GBR,1973,0.2881145477294922
United Kingdom,GBR,1974,0.28958195447921753
United Kingdom,GBR,1975,0.2788177728652954
United Kingdom,GBR,1976,0.27590376138687134
United Kingdom,GBR,1977,0.2714279890060425
United Kingdom,GBR,1978,0.2723604142665863
United Kingdom,GBR,1979,0.27433210611343384
United Kingdom,GBR,1980,0.28478676080703735
United Kingdom,GBR,1981,0.2968849539756775
United Kingdom,GBR,1982,0.29903993010520935
United Kingdom,GBR,1983,0.2978767454624176
United Kingdom,GBR,1984,0.29167041182518005
United Kingdom,GBR,1985,0.3042009472846985
United Kingdom,GBR,1986,0.3192109167575836
United Kingdom,GBR,1987,0.3385562300682068
United Kingdom,GBR,1988,0.3427527844905853
United Kingdom,GBR,1989,0.33355218172073364
United Kingdom,GBR,1990,0.3574407398700714
United Kingdom,GBR,1991,0.3496496379375458
United Kingdom,GBR,1992,0.3495655059814453
United Kingdom,GBR,1993,0.35077300667762756
United Kingdom,GBR,1994,0.35980239510536194
United Kingdom,GBR,1995,0.35517770051956177
United Kingdom,GBR,1996,0.35297369956970215
United Kingdom,GBR,1997,0.35737285017967224
United Kingdom,GBR,1998,0.36624372005462646
United Kingdom,GBR,1999,0.36785855889320374
United Kingdom,GBR,2000,0.38853392004966736
United Kingdom,GBR,2001,0.3708862364292145
United Kingdom,GBR,2002,0.35147929191589355
United Kingdom,GBR,2003,0.3485729396343231
United Kingdom,GBR,2004,0.3483532965183258
United Kingdom,GBR,2005,0.35486483573913574
United Kingdom,GBR,2006,0.3588162362575531
United Kingdom,GBR,2007,0.34413865208625793
United Kingdom,GBR,2008,0.35447177290916443
United Kingdom,GBR,2009,0.35139256715774536
United Kingdom,GBR,2010,0.3370617926120758
United Kingdom,GBR,2011,0.3319174349308014
United Kingdom,GBR,2012,0.33091461658477783
United Kingdom,GBR,2013,0.3270029127597809
United Kingdom,GBR,2014,0.3314172327518463
United Kingdom,GBR,2015,0.3331262767314911
United Kingdom,GBR,2016,0.3311035931110382
United Kingdom,GBR,2017,0.32609274983406067
United Kingdom,GBR,2018,0.33691054582595825
United Kingdom,GBR,2019,0.32825273275375366
United Kingdom,GBR,2020,0.3265194594860077
United Kingdom,GBR,2021,0.32415762543678284
United States,USA,1963,0.3672647476196289
United States,USA,1964,0.3737528622150421
United States,USA,1965,0.36825403571128845
United States,USA,1966,0.37097328901290894
United States,USA,1967,0.36874738335609436
United States,USA,1968,0.36322668194770813
United States,USA,1969,0.36007434129714966
United States,USA,1970,0.3659282624721527
United States,USA,1971,0.3691260516643524
United States,USA,1972,0.3665730059146881
United States,USA,1973,0.3610886335372925
United States,USA,1974,0.3547529876232147
United States,USA,1975,0.35650530457496643
United States,USA,1976,0.35561928153038025
United States,USA,1977,0.35498371720314026
United States,USA,1978,0.3478134870529175
United States,USA,1979,0.3475940525531769
United States,USA,1980,0.34717968106269836
United States,USA,1981,0.35488295555114746
United States,USA,1982,0.3666103482246399
United States,USA,1983,0.37292733788490295
United States,USA,1984,0.3734532594680786
United States,USA,1985,0.37641510367393494
United States,USA,1986,0.3755713105201721
United States,USA,1987,0.3719710111618042
United States,USA,1988,0.3770599663257599
United States,USA,1989,0.3823886215686798
United States,USA,1990,0.3826335072517395
United States,USA,1991,0.38045772910118103
United States,USA,1992,0.38373813033103943
United States,USA,1993,0.40365490317344666
United States,USA,1994,0.3998779356479645
United States,USA,1995,0.3985598683357239
United States,USA,1996,0.40310901403427124
United States,USA,1997,0.4053068459033966
United States,USA,1998,0.39954155683517456
United States,USA,1999,0.39986297488212585
United States,USA,2000,0.40141409635543823
United States,USA,2001,0.40597113966941833
United States,USA,2002,0.40354451537132263
United States,USA,2003,0.40771839022636414
United States,USA,2004,0.40547800064086914
United States,USA,2005,0.41262272000312805
United States,USA,2006,0.41695788502693176
United States,USA,2007,0.4109093248844147
United States,USA,2008,0.41094452142715454
United States,USA,2009,0.4085213541984558
United States,USA,2010,0.4024299383163452
United States,USA,2011,0.41164952516555786
United States,USA,2012,0.4115743935108185
United States,USA,2013,0.4087271988391876
United States,USA,2014,0.41738635301589966
United States,USA,2015,0.41457438468933105
United States,USA,2016,0.4133145213127136
United States,USA,2017,0.4138738512992859
United States,USA,2018,0.4178423285484314
United States,USA,2019,0.41902995109558105
United States,USA,2020,0.4000265896320343
United States,USA,2021,0.3971271812915802
United States,USA,2022,0.4170035421848297
United States,USA,2023,0.4182046055793762
United States,USA,2024,0.4176252782344818
Uruguay,URY,2006,0.4594137966632843
Uruguay,URY,2007,0.4640476703643799
Uruguay,URY,2008,0.4508153200149536
Uruguay,URY,2009,0.45541518926620483
Uruguay,URY,2010,0.4447481036186218
Uruguay,URY,2011,0.421751469373703
Uruguay,URY,2012,0.39900434017181396
Uruguay,URY,2013,0.40450793504714966
Uruguay,URY,2014,0.4011094272136688
Uruguay,URY,2015,0.4012860059738159
Uruguay,URY,2016,0.3969535529613495
Uruguay,URY,2017,0.3946439027786255
Uruguay,URY,2018,0.3968712091445923
Uruguay,URY,2019,0.3967631459236145
Uruguay,URY,2020,0.40155625343322754
Uruguay,URY,2021,0.4077686071395874
Uruguay,URY,2022,0.40551695227622986
Uruguay,URY,2023,0.4086753726005554
Uruguay,URY,2024,0.39984145760536194
Uruguay (urban),,1981,0.43645426630973816
Uruguay (urban),,1989,0.4236907362937927
Uruguay (urban),,1992,0.4146803617477417
Uruguay (urban),,1995,0.40926340222358704
Uruguay (urban),,1996,0.40751221776008606
Uruguay (urban),,1997,0.41456711292266846
Uruguay (urban),,1998,0.4248224198818207
Uruguay (urban),,2000,0.4336661696434021
Uruguay (urban),,2001,0.4500766694545746
Uruguay (urban),,2002,0.4554421007633209
Uruguay (urban),,2003,0.45033693313598633
Uruguay (urban),,2004,0.458809494972229
Uruguay (urban),,2005,0.44727566838264465
Uzbekistan,UZB,2021,0.3289114236831665
Uzbekistan,UZB,2022,0.3118482828140259
Uzbekistan,UZB,2023,0.345387727022171
Uzbekistan,UZB,2024,0.34563419222831726
Uzbekistan,UZB,2025,0.32656991481781006
Vanuatu,VUT,2010,0.37351298332214355
Vanuatu,VUT,2019,0.3231757581233978
Venezuela,VEN,1981,0.5560985207557678
Venezuela,VEN,1987,0.5344796776771545
Venezuela,VEN,1989,0.43775513768196106
Venezuela,VEN,1992,0.42061281204223633
Venezuela,VEN,1995,0.4716661274433136
Venezuela,VEN,1998,0.4799874424934387
Venezuela,VEN,1999,0.47698405385017395
Venezuela,VEN,2001,0.47170475125312805
Venezuela,VEN,2002,0.4887784719467163
Venezuela,VEN,2003,0.47906187176704407
Venezuela,VEN,2004,0.4731648564338684
Venezuela,VEN,2005,0.4931652247905731
Venezuela,VEN,2006,0.4469836354255676
Vietnam,VNM,1992,0.3565419316291809
Vietnam,VNM,1997,0.35442206263542175
Vietnam,VNM,2002,0.3702962398529053
Vietnam,VNM,2004,0.36785832047462463
Vietnam,VNM,2006,0.3578861653804779
Vietnam,VNM,2008,0.35570311546325684
Vietnam,VNM,2010,0.3925272524356842
Vietnam,VNM,2012,0.3564588725566864
Vietnam,VNM,2014,0.3475537598133087
Vietnam,VNM,2016,0.3526673913002014
Vietnam,VNM,2018,0.3571554720401764
Vietnam,VNM,2020,0.36790165305137634
Vietnam,VNM,2022,0.36093005537986755
Yemen,YEM,1998,0.34997785091400146
Yemen,YEM,2005,0.34732335805892944
Yemen,YEM,2014,0.3670709431171417
Zambia,ZMB,1991,0.5942023396492004
Zambia,ZMB,1993,0.525538444519043
Zambia,ZMB,1996,0.4832855761051178
Zambia,ZMB,1998,0.4912264049053192
Zambia,ZMB,2002,0.4205872714519501
Zambia,ZMB,2004,0.5426552295684814
Zambia,ZMB,2006,0.5457133650779724
Zambia,ZMB,2010,0.5201219916343689
Zambia,ZMB,2015,0.5584074854850769
Zambia,ZMB,2022,0.5148494839668274
Zimbabwe,ZWE,2011,0.4315357506275177
Zimbabwe,ZWE,2017,0.4433708190917969
Zimbabwe,ZWE,2019,0.5025644898414612