entity,code,year,headcount_ratio_190_smooth,headcount_ratio_190_smooth__annotations
East Asia (Moatsos),,1820,91.11323,
East Asia (Moatsos),,1830,92.21521,
East Asia (Moatsos),,1840,94.198944,
East Asia (Moatsos),,1850,96.16162,
East Asia (Moatsos),,1860,96.154205,
East Asia (Moatsos),,1870,94.556366,
East Asia (Moatsos),,1880,94.43865,
East Asia (Moatsos),,1890,95.2815,
East Asia (Moatsos),,1900,93.97958,
East Asia (Moatsos),,1910,92.81764,
East Asia (Moatsos),,1920,90.50595,
East Asia (Moatsos),,1930,88.65206,
East Asia (Moatsos),,1940,86.57392,
East Asia (Moatsos),,1950,86.18259,
East Asia (Moatsos),,1960,80.22392,
East Asia (Moatsos),,1970,83.51876,
East Asia (Moatsos),,1980,82.87016,
East Asia (Moatsos),,1981,76.05369,
East Asia (Moatsos),,1982,74.28881,
East Asia (Moatsos),,1983,71.26093,
East Asia (Moatsos),,1984,65.06467,
East Asia (Moatsos),,1985,58.299137,
East Asia (Moatsos),,1986,55.125847,
East Asia (Moatsos),,1987,52.443077,
East Asia (Moatsos),,1988,55.268932,
East Asia (Moatsos),,1989,56.886063,
East Asia (Moatsos),,1990,57.696125,
East Asia (Moatsos),,1991,55.293217,
East Asia (Moatsos),,1992,52.243362,
East Asia (Moatsos),,1993,49.503445,
East Asia (Moatsos),,1994,46.760677,
East Asia (Moatsos),,1995,41.69168,
East Asia (Moatsos),,1996,36.51121,
East Asia (Moatsos),,1997,36.387535,
East Asia (Moatsos),,1998,36.123356,
East Asia (Moatsos),,1999,35.31249,
East Asia (Moatsos),,2000,31.535534,
East Asia (Moatsos),,2001,29.983791,
East Asia (Moatsos),,2002,27.825705,
East Asia (Moatsos),,2003,24.530329,
East Asia (Moatsos),,2004,20.619246,
East Asia (Moatsos),,2005,16.290848,
East Asia (Moatsos),,2006,15.195052,
East Asia (Moatsos),,2007,13.686337,
East Asia (Moatsos),,2008,13.096302,
East Asia (Moatsos),,2009,11.571335,
East Asia (Moatsos),,2010,9.899257,
East Asia (Moatsos),,2011,7.0124016,
East Asia (Moatsos),,2012,5.748721,
East Asia (Moatsos),,2013,1.6662971,
East Asia (Moatsos),,2014,1.2256619,
East Asia (Moatsos),,2015,0.6695854,
East Asia (Moatsos),,2016,0.5212288,
East Asia (Moatsos),,2017,0.46974283,
East Asia (Moatsos),,2018,0.39163637,
Eastern Europe and former USSR (Moatsos),,1820,91.95677,
Eastern Europe and former USSR (Moatsos),,1830,91.21722,
Eastern Europe and former USSR (Moatsos),,1840,90.98896,
Eastern Europe and former USSR (Moatsos),,1850,90.75377,
Eastern Europe and former USSR (Moatsos),,1860,88.91783,
Eastern Europe and former USSR (Moatsos),,1870,86.2522,
Eastern Europe and former USSR (Moatsos),,1880,82.78667,
Eastern Europe and former USSR (Moatsos),,1890,70.723915,
Eastern Europe and former USSR (Moatsos),,1900,61.648247,
Eastern Europe and former USSR (Moatsos),,1910,55.798725,
Eastern Europe and former USSR (Moatsos),,1920,59.810688,
Eastern Europe and former USSR (Moatsos),,1930,59.213993,
Eastern Europe and former USSR (Moatsos),,1940,41.839714,
Eastern Europe and former USSR (Moatsos),,1950,32.87629,
Eastern Europe and former USSR (Moatsos),,1960,11.459604,
Eastern Europe and former USSR (Moatsos),,1970,1.8488016,
Eastern Europe and former USSR (Moatsos),,1980,0.71243715,
Eastern Europe and former USSR (Moatsos),,1981,0.14066727,
Eastern Europe and former USSR (Moatsos),,1982,0.20430051,
Eastern Europe and former USSR (Moatsos),,1983,0.18997902,
Eastern Europe and former USSR (Moatsos),,1984,0.19432488,
Eastern Europe and former USSR (Moatsos),,1985,0.3843863,
Eastern Europe and former USSR (Moatsos),,1986,0.16525126,
Eastern Europe and former USSR (Moatsos),,1987,0.16430666,
Eastern Europe and former USSR (Moatsos),,1988,0.1523499,
Eastern Europe and former USSR (Moatsos),,1989,0.16447663,
Eastern Europe and former USSR (Moatsos),,1990,0.20527494,
Eastern Europe and former USSR (Moatsos),,1991,0.36304355,
Eastern Europe and former USSR (Moatsos),,1992,1.4237716,
Eastern Europe and former USSR (Moatsos),,1993,2.4165463,
Eastern Europe and former USSR (Moatsos),,1994,3.5505528,
Eastern Europe and former USSR (Moatsos),,1995,4.032806,
Eastern Europe and former USSR (Moatsos),,1996,3.9699697,
Eastern Europe and former USSR (Moatsos),,1997,2.877792,
Eastern Europe and former USSR (Moatsos),,1998,2.8491569,
Eastern Europe and former USSR (Moatsos),,1999,4.437432,
Eastern Europe and former USSR (Moatsos),,2000,3.9686272,
Eastern Europe and former USSR (Moatsos),,2001,2.7096903,
Eastern Europe and former USSR (Moatsos),,2002,1.9271643,
Eastern Europe and former USSR (Moatsos),,2003,1.4351526,
Eastern Europe and former USSR (Moatsos),,2004,1.1150893,
Eastern Europe and former USSR (Moatsos),,2005,1.0614665,
Eastern Europe and former USSR (Moatsos),,2006,0.7281153,
Eastern Europe and former USSR (Moatsos),,2007,0.41555095,
Eastern Europe and former USSR (Moatsos),,2008,0.16997586,
Eastern Europe and former USSR (Moatsos),,2009,0.22267808,
Eastern Europe and former USSR (Moatsos),,2010,0.26919094,
Eastern Europe and former USSR (Moatsos),,2011,0.21137214,
Eastern Europe and former USSR (Moatsos),,2012,0.21849488,
Eastern Europe and former USSR (Moatsos),,2013,0.20101596,
Eastern Europe and former USSR (Moatsos),,2014,0.7181383,
Eastern Europe and former USSR (Moatsos),,2015,0.61586076,
Eastern Europe and former USSR (Moatsos),,2016,0.17204867,
Eastern Europe and former USSR (Moatsos),,2017,0.15317613,
Eastern Europe and former USSR (Moatsos),,2018,0.14258432,
Latin America and Caribbean (Moatsos),,1820,83.56299,
Latin America and Caribbean (Moatsos),,1830,83.66293,
Latin America and Caribbean (Moatsos),,1840,83.007935,
Latin America and Caribbean (Moatsos),,1850,82.37713,
Latin America and Caribbean (Moatsos),,1860,80.58133,
Latin America and Caribbean (Moatsos),,1870,78.35873,
Latin America and Caribbean (Moatsos),,1880,74.76356,
Latin America and Caribbean (Moatsos),,1890,73.42829,
Latin America and Caribbean (Moatsos),,1900,71.69592,
Latin America and Caribbean (Moatsos),,1910,68.48096,
Latin America and Caribbean (Moatsos),,1920,63.995453,
Latin America and Caribbean (Moatsos),,1930,56.162125,
Latin America and Caribbean (Moatsos),,1940,53.20892,
Latin America and Caribbean (Moatsos),,1950,43.102024,
Latin America and Caribbean (Moatsos),,1960,37.06499,
Latin America and Caribbean (Moatsos),,1970,31.393457,
Latin America and Caribbean (Moatsos),,1980,12.548366,
Latin America and Caribbean (Moatsos),,1981,14.1204,
Latin America and Caribbean (Moatsos),,1982,14.415142,
Latin America and Caribbean (Moatsos),,1983,17.226473,
Latin America and Caribbean (Moatsos),,1984,16.824867,
Latin America and Caribbean (Moatsos),,1985,14.94105,
Latin America and Caribbean (Moatsos),,1986,10.711158,
Latin America and Caribbean (Moatsos),,1987,13.208818,
Latin America and Caribbean (Moatsos),,1988,13.955317,
Latin America and Caribbean (Moatsos),,1989,13.446158,
Latin America and Caribbean (Moatsos),,1990,14.09089,
Latin America and Caribbean (Moatsos),,1991,14.138964,
Latin America and Caribbean (Moatsos),,1992,14.628253,
Latin America and Caribbean (Moatsos),,1993,13.884776,
Latin America and Caribbean (Moatsos),,1994,12.522055,
Latin America and Caribbean (Moatsos),,1995,12.079453,
Latin America and Caribbean (Moatsos),,1996,12.9224825,
Latin America and Caribbean (Moatsos),,1997,13.384741,
Latin America and Caribbean (Moatsos),,1998,13.2248955,
Latin America and Caribbean (Moatsos),,1999,12.977565,
Latin America and Caribbean (Moatsos),,2000,10.977949,
Latin America and Caribbean (Moatsos),,2001,11.699459,
Latin America and Caribbean (Moatsos),,2002,11.305069,
Latin America and Caribbean (Moatsos),,2003,10.896091,
Latin America and Caribbean (Moatsos),,2004,9.828642,
Latin America and Caribbean (Moatsos),,2005,9.190395,
Latin America and Caribbean (Moatsos),,2006,7.6436124,
Latin America and Caribbean (Moatsos),,2007,7.214877,
Latin America and Caribbean (Moatsos),,2008,6.3189306,
Latin America and Caribbean (Moatsos),,2009,6.0967565,
Latin America and Caribbean (Moatsos),,2010,5.5488424,
Latin America and Caribbean (Moatsos),,2011,5.084895,
Latin America and Caribbean (Moatsos),,2012,4.3823276,
Latin America and Caribbean (Moatsos),,2013,4.219761,
Latin America and Caribbean (Moatsos),,2014,5.339193,
Latin America and Caribbean (Moatsos),,2015,4.9663005,
Latin America and Caribbean (Moatsos),,2016,4.96651,
Latin America and Caribbean (Moatsos),,2017,6.2576184,
Latin America and Caribbean (Moatsos),,2018,4.297917,
Middle East and North Africa (Moatsos),,1820,81.79167,
Middle East and North Africa (Moatsos),,1830,81.193375,
Middle East and North Africa (Moatsos),,1840,80.081024,
Middle East and North Africa (Moatsos),,1850,78.78992,
Middle East and North Africa (Moatsos),,1860,77.40782,
Middle East and North Africa (Moatsos),,1870,76.00907,
Middle East and North Africa (Moatsos),,1880,73.699615,
Middle East and North Africa (Moatsos),,1890,70.64146,
Middle East and North Africa (Moatsos),,1900,67.56949,
Middle East and North Africa (Moatsos),,1910,64.48819,
Middle East and North Africa (Moatsos),,1920,62.925537,
Middle East and North Africa (Moatsos),,1930,55.7498,
Middle East and North Africa (Moatsos),,1940,48.328133,
Middle East and North Africa (Moatsos),,1950,41.06607,
Middle East and North Africa (Moatsos),,1960,40.218258,
Middle East and North Africa (Moatsos),,1970,35.218647,
Middle East and North Africa (Moatsos),,1980,13.563296,
Middle East and North Africa (Moatsos),,1981,14.488225,
Middle East and North Africa (Moatsos),,1982,13.019534,
Middle East and North Africa (Moatsos),,1983,13.053688,
Middle East and North Africa (Moatsos),,1984,12.209256,
Middle East and North Africa (Moatsos),,1985,12.13613,
Middle East and North Africa (Moatsos),,1986,11.438179,
Middle East and North Africa (Moatsos),,1987,9.456578,
Middle East and North Africa (Moatsos),,1988,9.113698,
Middle East and North Africa (Moatsos),,1989,9.80718,
Middle East and North Africa (Moatsos),,1990,8.017869,
Middle East and North Africa (Moatsos),,1991,7.606244,
Middle East and North Africa (Moatsos),,1992,7.2681084,
Middle East and North Africa (Moatsos),,1993,7.0811615,
Middle East and North Africa (Moatsos),,1994,7.330734,
Middle East and North Africa (Moatsos),,1995,7.104794,
Middle East and North Africa (Moatsos),,1996,6.769343,
Middle East and North Africa (Moatsos),,1997,6.531364,
Middle East and North Africa (Moatsos),,1998,6.273878,
Middle East and North Africa (Moatsos),,1999,5.8726506,
Middle East and North Africa (Moatsos),,2000,6.0950003,
Middle East and North Africa (Moatsos),,2001,5.366582,
Middle East and North Africa (Moatsos),,2002,5.189138,
Middle East and North Africa (Moatsos),,2003,5.6824923,
Middle East and North Africa (Moatsos),,2004,4.8979,
Middle East and North Africa (Moatsos),,2005,4.6893015,
Middle East and North Africa (Moatsos),,2006,3.769863,
Middle East and North Africa (Moatsos),,2007,3.5863664,
Middle East and North Africa (Moatsos),,2008,3.4647279,
Middle East and North Africa (Moatsos),,2009,2.837544,
Middle East and North Africa (Moatsos),,2010,2.5589602,
Middle East and North Africa (Moatsos),,2011,2.8891,
Middle East and North Africa (Moatsos),,2012,3.7931845,
Middle East and North Africa (Moatsos),,2013,3.7464647,
Middle East and North Africa (Moatsos),,2014,3.3320582,
Middle East and North Africa (Moatsos),,2015,3.9238458,
Middle East and North Africa (Moatsos),,2016,3.6886234,
Middle East and North Africa (Moatsos),,2017,4.141235,
Middle East and North Africa (Moatsos),,2018,4.464777,
South and South-East Asia (Moatsos),,1820,68.15528,
South and South-East Asia (Moatsos),,1830,68.04735,
South and South-East Asia (Moatsos),,1840,67.99374,
South and South-East Asia (Moatsos),,1850,68.11108,
South and South-East Asia (Moatsos),,1860,69.28015,
South and South-East Asia (Moatsos),,1870,71.80754,
South and South-East Asia (Moatsos),,1880,72.27886,
South and South-East Asia (Moatsos),,1890,69.782875,
South and South-East Asia (Moatsos),,1900,67.34131,
South and South-East Asia (Moatsos),,1910,60.32377,
South and South-East Asia (Moatsos),,1920,57.59949,
South and South-East Asia (Moatsos),,1930,55.499077,
South and South-East Asia (Moatsos),,1940,56.953476,
South and South-East Asia (Moatsos),,1950,62.18906,
South and South-East Asia (Moatsos),,1960,67.02959,
South and South-East Asia (Moatsos),,1970,66.36737,
South and South-East Asia (Moatsos),,1980,56.609547,
South and South-East Asia (Moatsos),,1981,55.713947,
South and South-East Asia (Moatsos),,1982,54.394627,
South and South-East Asia (Moatsos),,1983,52.703777,
South and South-East Asia (Moatsos),,1984,51.584743,
South and South-East Asia (Moatsos),,1985,49.825363,
South and South-East Asia (Moatsos),,1986,49.177483,
South and South-East Asia (Moatsos),,1987,48.977367,
South and South-East Asia (Moatsos),,1988,48.33636,
South and South-East Asia (Moatsos),,1989,47.45181,
South and South-East Asia (Moatsos),,1990,45.63849,
South and South-East Asia (Moatsos),,1991,45.47661,
South and South-East Asia (Moatsos),,1992,45.03851,
South and South-East Asia (Moatsos),,1993,43.56242,
South and South-East Asia (Moatsos),,1994,42.475376,
South and South-East Asia (Moatsos),,1995,40.933094,
South and South-East Asia (Moatsos),,1996,38.14687,
South and South-East Asia (Moatsos),,1997,38.57688,
South and South-East Asia (Moatsos),,1998,40.350513,
South and South-East Asia (Moatsos),,1999,36.631435,
South and South-East Asia (Moatsos),,2000,35.576874,
South and South-East Asia (Moatsos),,2001,34.555664,
South and South-East Asia (Moatsos),,2002,33.27994,
South and South-East Asia (Moatsos),,2003,33.097424,
South and South-East Asia (Moatsos),,2004,30.561176,
South and South-East Asia (Moatsos),,2005,28.628653,
South and South-East Asia (Moatsos),,2006,28.450907,
South and South-East Asia (Moatsos),,2007,26.102877,
South and South-East Asia (Moatsos),,2008,25.32409,
South and South-East Asia (Moatsos),,2009,23.47534,
South and South-East Asia (Moatsos),,2010,20.278267,
South and South-East Asia (Moatsos),,2011,17.062786,
South and South-East Asia (Moatsos),,2012,15.754688,
South and South-East Asia (Moatsos),,2013,14.22305,
South and South-East Asia (Moatsos),,2014,12.887676,
South and South-East Asia (Moatsos),,2015,11.603932,
South and South-East Asia (Moatsos),,2016,10.272938,
South and South-East Asia (Moatsos),,2017,9.2446785,
South and South-East Asia (Moatsos),,2018,7.9036193,
Sub-Saharan Africa (Moatsos),,1820,94.38582,
Sub-Saharan Africa (Moatsos),,1830,90.94298,
Sub-Saharan Africa (Moatsos),,1840,94.01601,
Sub-Saharan Africa (Moatsos),,1850,97.28196,
Sub-Saharan Africa (Moatsos),,1860,91.95902,
Sub-Saharan Africa (Moatsos),,1870,97.72305,
Sub-Saharan Africa (Moatsos),,1880,87.30274,
Sub-Saharan Africa (Moatsos),,1890,89.57778,
Sub-Saharan Africa (Moatsos),,1900,85.04715,
Sub-Saharan Africa (Moatsos),,1910,81.17403,
Sub-Saharan Africa (Moatsos),,1920,90.759544,
Sub-Saharan Africa (Moatsos),,1930,87.327286,
Sub-Saharan Africa (Moatsos),,1940,83.69859,
Sub-Saharan Africa (Moatsos),,1950,75.72188,
Sub-Saharan Africa (Moatsos),,1960,73.60305,
Sub-Saharan Africa (Moatsos),,1970,69.430244,
Sub-Saharan Africa (Moatsos),,1980,66.057236,
Sub-Saharan Africa (Moatsos),,1981,67.02608,
Sub-Saharan Africa (Moatsos),,1982,67.80214,
Sub-Saharan Africa (Moatsos),,1983,66.593,
Sub-Saharan Africa (Moatsos),,1984,64.0833,
Sub-Saharan Africa (Moatsos),,1985,60.50662,
Sub-Saharan Africa (Moatsos),,1986,60.712296,
Sub-Saharan Africa (Moatsos),,1987,59.352623,
Sub-Saharan Africa (Moatsos),,1988,58.934982,
Sub-Saharan Africa (Moatsos),,1989,64.05334,
Sub-Saharan Africa (Moatsos),,1990,64.01661,
Sub-Saharan Africa (Moatsos),,1991,63.530663,
Sub-Saharan Africa (Moatsos),,1992,60.90825,
Sub-Saharan Africa (Moatsos),,1993,60.5577,
Sub-Saharan Africa (Moatsos),,1994,61.81696,
Sub-Saharan Africa (Moatsos),,1995,61.464745,
Sub-Saharan Africa (Moatsos),,1996,59.82738,
Sub-Saharan Africa (Moatsos),,1997,60.33208,
Sub-Saharan Africa (Moatsos),,1998,62.359303,
Sub-Saharan Africa (Moatsos),,1999,57.019535,
Sub-Saharan Africa (Moatsos),,2000,59.87113,
Sub-Saharan Africa (Moatsos),,2001,55.18145,
Sub-Saharan Africa (Moatsos),,2002,49.887,
Sub-Saharan Africa (Moatsos),,2003,51.193546,
Sub-Saharan Africa (Moatsos),,2004,50.575214,
Sub-Saharan Africa (Moatsos),,2005,49.65505,
Sub-Saharan Africa (Moatsos),,2006,48.292385,
Sub-Saharan Africa (Moatsos),,2007,46.46567,
Sub-Saharan Africa (Moatsos),,2008,47.489964,
Sub-Saharan Africa (Moatsos),,2009,46.735153,
Sub-Saharan Africa (Moatsos),,2010,45.388466,
Sub-Saharan Africa (Moatsos),,2011,48.24024,
Sub-Saharan Africa (Moatsos),,2012,45.90363,
Sub-Saharan Africa (Moatsos),,2013,41.60152,
Sub-Saharan Africa (Moatsos),,2014,40.55585,
Sub-Saharan Africa (Moatsos),,2015,48.51155,
Sub-Saharan Africa (Moatsos),,2016,43.430798,
Sub-Saharan Africa (Moatsos),,2017,42.229374,
Sub-Saharan Africa (Moatsos),,2018,40.79823,
Western Europe (Moatsos),,1820,55.77788,
Western Europe (Moatsos),,1830,53.22769,
Western Europe (Moatsos),,1840,49.27305,
Western Europe (Moatsos),,1850,45.707092,
Western Europe (Moatsos),,1860,42.67055,
Western Europe (Moatsos),,1870,39.92721,
Western Europe (Moatsos),,1880,34.81199,
Western Europe (Moatsos),,1890,28.220425,
Western Europe (Moatsos),,1900,23.93788,
Western Europe (Moatsos),,1910,21.86916,
Western Europe (Moatsos),,1920,20.140587,
Western Europe (Moatsos),,1930,17.252083,
Western Europe (Moatsos),,1940,14.612753,
Western Europe (Moatsos),,1950,14.533367,
Western Europe (Moatsos),,1960,4.048797,
Western Europe (Moatsos),,1970,0.91782564,
Western Europe (Moatsos),,1980,0.008894014,
Western Europe (Moatsos),,1981,0.0063440595,
Western Europe (Moatsos),,1982,0.0037475885,
Western Europe (Moatsos),,1983,0.0038275565,
Western Europe (Moatsos),,1984,0.0049319775,
Western Europe (Moatsos),,1985,0.003877566,
Western Europe (Moatsos),,1986,0.0032911263,
Western Europe (Moatsos),,1987,0.00150093,
Western Europe (Moatsos),,1988,0.00086824805,
Western Europe (Moatsos),,1989,0.00041202694,
Western Europe (Moatsos),,1990,0.0009124522,
Western Europe (Moatsos),,1991,0.003737501,
Western Europe (Moatsos),,1992,0.014147183,
Western Europe (Moatsos),,1993,0.027596232,
Western Europe (Moatsos),,1994,0.038442362,
Western Europe (Moatsos),,1995,0.052258953,
Western Europe (Moatsos),,1996,0.03496426,
Western Europe (Moatsos),,1997,0.01800084,
Western Europe (Moatsos),,1998,0.0008857646,
Western Europe (Moatsos),,1999,0.00042229838,
Western Europe (Moatsos),,2000,0.0005226365,
Western Europe (Moatsos),,2001,0.0006472229,
Western Europe (Moatsos),,2002,0.00088410627,
Western Europe (Moatsos),,2003,0.3036814,
Western Europe (Moatsos),,2004,0.32308656,
Western Europe (Moatsos),,2005,0.3201723,
Western Europe (Moatsos),,2006,0.2557007,
Western Europe (Moatsos),,2007,0.23724847,
Western Europe (Moatsos),,2008,0.24921592,
Western Europe (Moatsos),,2009,0.32749683,
Western Europe (Moatsos),,2010,0.36990356,
Western Europe (Moatsos),,2011,0.43863446,
Western Europe (Moatsos),,2012,0.42260376,
Western Europe (Moatsos),,2013,0.47432286,
Western Europe (Moatsos),,2014,0.3799122,
Western Europe (Moatsos),,2015,0.5296078,
Western Europe (Moatsos),,2016,0.52977544,
Western Europe (Moatsos),,2017,0.5142096,
Western Europe (Moatsos),,2018,0.51270574,
Western offshoots (Moatsos),,1820,56.18004,"United States, Canada, Australia and New Zealand"
Western offshoots (Moatsos),,1830,51.288017,"United States, Canada, Australia and New Zealand"
Western offshoots (Moatsos),,1840,40.16433,"United States, Canada, Australia and New Zealand"
Western offshoots (Moatsos),,1850,33.170082,"United States, Canada, Australia and New Zealand"
Western offshoots (Moatsos),,1860,27.826738,"United States, Canada, Australia and New Zealand"
Western offshoots (Moatsos),,1870,30.657135,"United States, Canada, Australia and New Zealand"
Western offshoots (Moatsos),,1880,25.75606,"United States, Canada, Australia and New Zealand"
Western offshoots (Moatsos),,1890,13.691234,"United States, Canada, Australia and New Zealand"
Western offshoots (Moatsos),,1900,10.994818,"United States, Canada, Australia and New Zealand"
Western offshoots (Moatsos),,1910,7.4922037,"United States, Canada, Australia and New Zealand"
Western offshoots (Moatsos),,1920,3.8206506,"United States, Canada, Australia and New Zealand"
Western offshoots (Moatsos),,1930,3.53169,"United States, Canada, Australia and New Zealand"
Western offshoots (Moatsos),,1940,3.609223,"United States, Canada, Australia and New Zealand"
Western offshoots (Moatsos),,1950,0.27398187,"United States, Canada, Australia and New Zealand"
Western offshoots (Moatsos),,1960,0.08308929,"United States, Canada, Australia and New Zealand"
Western offshoots (Moatsos),,1970,0.027676307,"United States, Canada, Australia and New Zealand"
Western offshoots (Moatsos),,1980,0.426893,"United States, Canada, Australia and New Zealand"
Western offshoots (Moatsos),,1981,0.526212,"United States, Canada, Australia and New Zealand"
Western offshoots (Moatsos),,1982,0.5219016,"United States, Canada, Australia and New Zealand"
Western offshoots (Moatsos),,1983,0.5175068,"United States, Canada, Australia and New Zealand"
Western offshoots (Moatsos),,1984,0.51307154,"United States, Canada, Australia and New Zealand"
Western offshoots (Moatsos),,1985,0.5086687,"United States, Canada, Australia and New Zealand"
Western offshoots (Moatsos),,1986,0.5012411,"United States, Canada, Australia and New Zealand"
Western offshoots (Moatsos),,1987,0.4937337,"United States, Canada, Australia and New Zealand"
Western offshoots (Moatsos),,1988,0.49036768,"United States, Canada, Australia and New Zealand"
Western offshoots (Moatsos),,1989,0.48685196,"United States, Canada, Australia and New Zealand"
Western offshoots (Moatsos),,1990,0.4867767,"United States, Canada, Australia and New Zealand"
Western offshoots (Moatsos),,1991,0.48677704,"United States, Canada, Australia and New Zealand"
Western offshoots (Moatsos),,1992,0.5585119,"United States, Canada, Australia and New Zealand"
Western offshoots (Moatsos),,1993,0.63024384,"United States, Canada, Australia and New Zealand"
Western offshoots (Moatsos),,1994,0.7019959,"United States, Canada, Australia and New Zealand"
Western offshoots (Moatsos),,1995,0.7091835,"United States, Canada, Australia and New Zealand"
Western offshoots (Moatsos),,1996,0.6456644,"United States, Canada, Australia and New Zealand"
Western offshoots (Moatsos),,1997,0.72350615,"United States, Canada, Australia and New Zealand"
Western offshoots (Moatsos),,1998,0.72418743,"United States, Canada, Australia and New Zealand"
Western offshoots (Moatsos),,1999,0.7131695,"United States, Canada, Australia and New Zealand"
Western offshoots (Moatsos),,2000,0.702184,"United States, Canada, Australia and New Zealand"
Western offshoots (Moatsos),,2001,0.7547784,"United States, Canada, Australia and New Zealand"
Western offshoots (Moatsos),,2002,0.81457394,"United States, Canada, Australia and New Zealand"
Western offshoots (Moatsos),,2003,0.87439686,"United States, Canada, Australia and New Zealand"
Western offshoots (Moatsos),,2004,0.91058165,"United States, Canada, Australia and New Zealand"
Western offshoots (Moatsos),,2005,0.8991763,"United States, Canada, Australia and New Zealand"
Western offshoots (Moatsos),,2006,0.9000936,"United States, Canada, Australia and New Zealand"
Western offshoots (Moatsos),,2007,0.9009892,"United States, Canada, Australia and New Zealand"
Western offshoots (Moatsos),,2008,0.9002458,"United States, Canada, Australia and New Zealand"
Western offshoots (Moatsos),,2009,0.89942557,"United States, Canada, Australia and New Zealand"
Western offshoots (Moatsos),,2010,0.8985825,"United States, Canada, Australia and New Zealand"
Western offshoots (Moatsos),,2011,0.9094671,"United States, Canada, Australia and New Zealand"
Western offshoots (Moatsos),,2012,0.92038924,"United States, Canada, Australia and New Zealand"
Western offshoots (Moatsos),,2013,0.9313394,"United States, Canada, Australia and New Zealand"
Western offshoots (Moatsos),,2014,1.0062474,"United States, Canada, Australia and New Zealand"
Western offshoots (Moatsos),,2015,1.0774769,"United States, Canada, Australia and New Zealand"
Western offshoots (Moatsos),,2016,1.148722,"United States, Canada, Australia and New Zealand"
Western offshoots (Moatsos),,2017,1.1448646,"United States, Canada, Australia and New Zealand"
Western offshoots (Moatsos),,2018,1.1445073,"United States, Canada, Australia and New Zealand"
World,OWID_WRL,1820,79.36322,
World,OWID_WRL,1830,79.22894,
World,OWID_WRL,1840,79.022255,
World,OWID_WRL,1850,78.6288,
World,OWID_WRL,1860,77.1608,
World,OWID_WRL,1870,75.5286,
World,OWID_WRL,1880,73.192184,
World,OWID_WRL,1890,69.17347,
World,OWID_WRL,1900,65.44973,
World,OWID_WRL,1910,61.1879,
World,OWID_WRL,1920,59.558,
World,OWID_WRL,1930,57.36568,
World,OWID_WRL,1940,54.115585,
World,OWID_WRL,1950,53.331646,
World,OWID_WRL,1960,50.242264,
World,OWID_WRL,1970,49.59832,
World,OWID_WRL,1980,45.811234,
World,OWID_WRL,1981,43.96991,
World,OWID_WRL,1982,43.153877,
World,OWID_WRL,1983,42.12763,
World,OWID_WRL,1984,39.918022,
World,OWID_WRL,1985,37.215652,
World,OWID_WRL,1986,35.85292,
World,OWID_WRL,1987,35.155872,
World,OWID_WRL,1988,35.825085,
World,OWID_WRL,1989,36.511494,
World,OWID_WRL,1990,36.209602,
World,OWID_WRL,1991,35.53718,
World,OWID_WRL,1992,34.527035,
World,OWID_WRL,1993,33.387085,
World,OWID_WRL,1994,32.491177,
World,OWID_WRL,1995,30.71594,
World,OWID_WRL,1996,28.49732,
World,OWID_WRL,1997,28.690575,
World,OWID_WRL,1998,29.408133,
World,OWID_WRL,1999,27.668764,
World,OWID_WRL,2000,26.534908,
World,OWID_WRL,2001,25.397951,
World,OWID_WRL,2002,23.921291,
World,OWID_WRL,2003,23.237274,
World,OWID_WRL,2004,21.30143,
World,OWID_WRL,2005,19.542562,
World,OWID_WRL,2006,18.936106,
World,OWID_WRL,2007,17.631666,
World,OWID_WRL,2008,17.325157,
World,OWID_WRL,2009,16.30421,
World,OWID_WRL,2010,14.736711,
World,OWID_WRL,2011,13.3908615,
World,OWID_WRL,2012,12.480368,
World,OWID_WRL,2013,10.592715,
World,OWID_WRL,2014,10.106801,
World,OWID_WRL,2015,10.604952,
World,OWID_WRL,2016,9.568008,
World,OWID_WRL,2017,9.322068,
World,OWID_WRL,2018,8.614398,